Applicant,FacilityType,Status,FoodItems,Latitude,Longitude
Leo's Hot Dogs,Push Cart,APPROVED,Hot dogs and related toppings: non alcoholic beverages,37.76008693198698,-122.41880648110114
Casita Vegana,Truck,APPROVED,Coffee: Vegan Pastries: Vegan Hot Dogs: Vegan Tamales: Te: Vegan Shakes,37.72188970870838,-122.4925212449949
Sunset Mercantile/Outer Sunset Farmers Market & Mercantile,Truck,REQUESTED,Multiple Food Trucks & Food Types,37.74732654654123,-122.49628067270532
El Calamar Perubian Food Truck,Truck,APPROVED,Lomo Saltado: Jalea: Ceviche: Calamar: Tilapia plate: chicken special. Soda: Water.,37.78845702882892,-122.3998841605663
"BOWL'D ACAI, LLC.",Truck,REQUESTED,Acai Bowls: Smoothies: Juices,37.79357693326183,-122.40322987670132
"BOWL'D ACAI, LLC.",Truck,REQUESTED,Acai Bowls: Smoothies: Juices,37.78021548028814,-122.41602577015112
MOMO INNOVATION LLC,Truck,APPROVED,Noodles: Meat & Drinks,37.792870749741496,-122.4007474940767
MOMO INNOVATION LLC,Truck,APPROVED,MOMO Spicy Noodle: POPO's Noodle: Spicy Chicken Noodle: Rice Noodles,37.79294895283466,-122.39809861316652
Buenafe,Truck,APPROVED,Tacos: Burritos: Quesadillas: Tortas,37.74574924062031,-122.3924814876784
MOMO INNOVATION LLC,Truck,APPROVED,Noodles,37.78844615690132,-122.3986412420388
Buenafe,Truck,APPROVED,Tacos: Burritos: Quesadillas: Tortas,37.73944545286909,-122.39301498669842
MOMO INNOVATION LLC,Truck,APPROVED,Noodles,37.79092150726921,-122.4001004237385
"BOWL'D ACAI, LLC.",Truck,REQUESTED,Acai Bowls: Poke Bowls: Smoothies: Juices,37.80457786909011,-122.43301077434302
HalalCartSF LLC,Push Cart,REQUESTED,Gyros: Kebabs: soft drinks: and water,37.79094704192342,-122.39863358940372
"BOWL'D ACAI, LLC.",Truck,REQUESTED,Acai Bowls: Smoothies: Juices,37.79236678688307,-122.40014830676716
Philz Coffee Truck,Truck,APPROVED,Hot coffee: iced coffee: hot chocolate: tea: pastries,37.79621549659414,-122.40375455824538
Philz Coffee Truck,Truck,APPROVED,Hot coffee: iced coffee: hot chocolate: tea: pastries,37.79229559981873,-122.40070689723306
Buenafe,Truck,APPROVED,Tacos burritos quesadillas tortas pupusas flautas tamales,37.76612469442701,-122.39547306227009
MOMO INNOVATION LLC,Truck,APPROVED,Noodles: Meat & Drinks,37.7865580501799,-122.40103337534973
Truly Food & More,Truck,REQUESTED,Latin Food: Tacos: Pupusas: Vegetables: Salad: Water: Sodas,37.712302604744416,-122.43164419037294
Philz Coffee Truck,Truck,APPROVED,Hot coffee: iced coffee: hot chocolate: tea: pastries,37.79279574157871,-122.40135328093122
Street Meet,Truck,REQUESTED,Burritos: Tacos: Tortas: Quesadillas & Various Drinks.,37.76785526935426,-122.42248440416164
Zuri Food Facilities,Truck,APPROVED,Peruvian Food Served Hot,37.792346385148,-122.40238532279396
Zuri Food Facilities,Truck,APPROVED,Peruvian Food Served Hot,37.78304609975,-122.39406659922962
La Jefa,Truck,REQUESTED,Tacos: burritos: quesadillas: tortas: nachos (refried beans: cheese sauce: salsa fresca): carnes (beef: chicken: marinated pork: fried pork): canned beans: rice: sodas: horchata drinks.,37.738726803987134,-122.40673602990492
Philz Coffee Truck,Truck,APPROVED,Hot coffee: iced coffee: hot chocolate: tea: pastries,37.80457786909011,-122.43301077434302
Philz Coffee Truck,Truck,APPROVED,Hot coffee: iced coffee: hot chocolate: tea: pastries,37.789385451039095,-122.4095912604668
Zuri Food Facilities,Truck,APPROVED,Peruvian Food Served Hot,37.792150548481686,-122.39399997405944
Tacos Rodriguez,Truck,SUSPEND,Tacos: burritos: quesadillas: soda & water,37.73911142974502,-122.38246497113636
Tacos Rodriguez,Truck,SUSPEND,Tacos: burritos: quesadillas: soda & water,37.74099473500238,-122.4011723353864
Tacos Rodriguez,Truck,SUSPEND,Tacos: burritos: quesadillas: soda & water,37.73967879180792,-122.38649338455488
Senor Sisig,Truck,APPROVED,Senor Sisig: Filipino fusion food: tacos: burritos: nachos: rice plates. Various beverages.,37.79294895283466,-122.39809861316652
Senor Sisig,Truck,APPROVED,Filipino fusion food: taco: burrito: nachos: rice plates,37.78561008636915,-122.40815476434544
Think is Good Inc.,Truck,REQUESTED,Lobster rolls: crab rolls: lobster burritos: crab burritos: chicken burritos: fish burritos: chicken burritos: poke bowls: soups: chips & soda.,37.793262206923096,-122.4017890913628
Tacos Rodriguez,Truck,SUSPEND,Tacos: burritos: quesadillas: soda & water,37.790485146128,-122.40094044068952
Zuri Food Facilities,Truck,APPROVED,Peruvian Food Served Hot,0.0,0.0
Think is Good Inc.,Truck,REQUESTED,Lobster rolls: crab rolls: lobster burritos: crab burritos: chicken burritos: fish burritos: chicken burritos: poke bowls: soups: chips & soda.,37.78886471534304,-122.39935935136296
Quan Catering,Truck,EXPIRED,Cold Truck: Soft drinks: cup cakes: potato chips: cookies: gum: sandwiches (hot & cold): peanuts: muffins: coff (hot & cold): water: juice: yoplait: milk: orange juice: sunflower seeds: can foods: burritos: buscuits: chimichangas: rice krispies,37.74417844737573,-122.38671592975922
Liang Bai Ping,Truck,EXPIRED,Cold Truck: Pre-packaged sandwiches: snacks: fruit: various beverages,0.0,0.0
Reecees Soulicious,Truck,REQUESTED,Fried Chicken: Fried Fish: Greens: Mac & Cheese: Peach Cobbler: and String beans,37.74530890865633,-122.40342005999852
Mini Mobile Food Catering,Truck,EXPIRED,Cold Truck: Corn Dogs: Noodle Soups: Candy: Pre-packaged Snacks: Sandwiches: Chips: Coffee: Tea: Various Beverages,37.79018557063344,-122.39547172580944
Got Snacks,Push Cart,REQUESTED,sunflower seeds: crackerjacks: bottled water: peanuts: candy,37.77551013804947,-122.39099930600248
The Chef Station,Truck,REQUESTED,South American/Peruvian food,37.7758255197583,-122.41724962664344
California Kahve,Truck,EXPIRED,Drip Coffee: Espresso Drinks: Matcha Green Tea: Black Teas: Herbal Teas: Crossaints: Savory and Sweet Breads,37.76360804110198,-122.50959579624612
Scotch Bonnet,Truck,EXPIRED,Jerk chicken: curry chicken: curry goat: curry dhal: Burritos: Fish: Ox tails: rice: beans: veggies.,37.79014907372554,-122.39865818460405
Liang Bai Ping,Truck,EXPIRED,Cold Truck: Pre-packaged sandwiches: snacks: fruit: various beverages,37.72673391124156,-122.37897200523552
Senor Sisig,Truck,APPROVED,Various menu items & drinks,37.799260113502285,-122.39961794865545
Senor Sisig,Truck,APPROVED,Filipino fusion food: tacos: burritos: nachos: rice plates. Various beverages.,0.0,0.0
Senor Sisig,Truck,APPROVED,Filipino fusion food: taco: burrito: nachos: rice plates,37.7875140607381,-122.39956633142909
Senor Sisig,Truck,APPROVED,Senor Sisig: Filipino fusion food: tacos: burritos: nachos: rice plates. Various beverages.,37.78215364099855,-122.40660110683912
Senor Sisig,Truck,APPROVED,Senor Sisig: Filipino fusion food: tacos: burritos: nachos: rice plates. Various beverages.Chairman Bao: Vegetable and meat sandwiches filled with Asian-flavored meats and vegetables.,37.799260113502285,-122.39961794865545
Senor Sisig,Truck,APPROVED,Senor Sisig: Filipino fusion food: tacos: burritos: nachos: rice plates. Various beverages.Chairman Bao: Vegetable and meat sandwiches filled with Asian-flavored meats and vegetables.,37.7758255197583,-122.41724962664344
Think is Good Inc.,Truck,REQUESTED,Lobster rolls: crab rolls: lobster burritos: crab burritos: chicken burritos: fish burritos: chicken burritos: poke bowls: soups: chips & soda.,37.79264071673365,-122.39897033211076
"Off the Grid Services, LLC",Truck,EXPIRED,Multiple Food Trucks & Food Types,37.781372367648615,-122.40661921344578
Bonito Poke,Truck,REQUESTED,Bonito Poke Bowls & Various Drinks,37.76624504710292,-122.38735628651092
Natan's Catering,Truck,APPROVED,Burgers: melts: hot dogs: burritos:sandwiches: fries: onion rings: drinks,37.76854328902419,-122.40849289243862
Natan's Catering,Truck,APPROVED,Burgers: melts: hot dogs: burritos:sandwiches: fries: onion rings: drinks,37.764741322674965,-122.38712481217912
Natan's Catering,Truck,APPROVED,Burgers: melts: hot dogs: burritos:sandwiches: fries: onion rings: drinks,37.74540642941645,-122.39008122484672
Natan's Catering,Truck,APPROVED,Burgers: melts: hot dogs: burritos:sandwiches: fries: onion rings: drinks,37.74647050664712,-122.38899080865444
Natan's Catering,Truck,APPROVED,Burgers: melts: hot dogs: burritos:sandwiches: fries: onion rings: drinks,37.76444729556189,-122.397987371508
Natan's Catering,Truck,APPROVED,Burgers: melts: hot dogs: burritos:sandwiches: fries: onion rings: drinks,37.73314239514255,-122.41456863241858
Natan's Catering,Truck,APPROVED,Burgers: melts: hot dogs: burritos:sandwiches: fries: onion rings: drinks,37.76799554568555,-122.3875494265472
Natan's Catering,Truck,APPROVED,Burgers: melts: hot dogs: burritos:sandwiches: fries: onion rings: drinks,37.748848056566345,-122.4126189946552
Natan's Catering,Truck,APPROVED,Burgers: melts: hot dogs: burritos:sandwiches: fries: onion rings: drinks,37.76200845803015,-122.38544181156826
Natan's Catering,Truck,APPROVED,Burgers: melts: hot dogs: burritos:sandwiches: fries: onion rings: drinks,37.742820234675946,-122.38284735551784
Natan's Catering,Truck,APPROVED,Burgers: melts: hot dogs: burritos:sandwiches: fries: onion rings: drinks,37.75315510671546,-122.3911741844557
Natan's Catering,Truck,APPROVED,Burgers: melts: hot dogs: burritos:sandwiches: fries: onion rings: drinks,37.77070297609754,-122.3907903555664
Natan's Catering,Truck,APPROVED,Burgers: melts: hot dogs: burritos:sandwiches: fries: onion rings: drinks,37.74945832902701,-122.38508133967832
Natan's Catering,Truck,APPROVED,Burgers: melts: hot dogs: burritos:sandwiches: fries: onion rings: drinks,37.73811777159187,-122.40441846721173
"Chairman SF, LLC",Truck,EXPIRED,Baos: bowls & drinks,0.0,0.0
Natan's Catering,Truck,APPROVED,Burgers: melts: hot dogs: burritos:sandwiches: fries: onion rings: drinks,37.77838861578656,-122.40319178322908
Natan's Catering,Truck,APPROVED,Burgers: melts: hot dogs: burritos:sandwiches: fries: onion rings: drinks,37.75930376638337,-122.39590223123568
Natan's Catering,Truck,APPROVED,Burgers: melts: hot dogs: burritos:sandwiches: fries: onion rings: drinks,37.74030387280596,-122.4060597434942
Natan's Catering,Truck,APPROVED,Burgers: melts: hot dogs: burritos:sandwiches: fries: onion rings: drinks,37.758303395642486,-122.39351405481676
Natan's Catering,Truck,APPROVED,Burgers: melts: hot dogs: burritos:sandwiches: fries: onion rings: drinks,37.755030726766726,-122.38453073422282
Natan's Catering,Truck,APPROVED,Burgers: melts: hot dogs: burritos:sandwiches: fries: onion rings: drinks,37.74475219161639,-122.38567924872147
Natan's Catering,Truck,APPROVED,Burgers: melts: hot dogs: burritos:sandwiches: fries: onion rings: drinks,37.76743301733124,-122.39214911417169
Natan's Catering,Truck,APPROVED,Burgers: melts: hot dogs: burritos:sandwiches: fries: onion rings: drinks,37.7682493867935,-122.39843065021364
Natan's Catering,Truck,APPROVED,Burgers: melts: hot dogs: burritos:sandwiches: fries: onion rings: drinks,37.76315639322651,-122.42032223152648
Natan's Catering,Truck,APPROVED,Burgers: melts: hot dogs: burritos:sandwiches: fries: onion rings: drinks,37.76912441216805,-122.39147491124584
Natan's Catering,Truck,APPROVED,Burgers: melts: hot dogs: burritos:sandwiches: fries: onion rings: drinks,37.748445338837655,-122.38687903197965
Natan's Catering,Truck,APPROVED,Burgers: melts: hot dogs: burritos:sandwiches: fries: onion rings: drinks,37.74459119509166,-122.39307688085802
Bonito Poke,Truck,REQUESTED,Bonito Poke Bowls & Various Drinks,37.78798864899528,-122.39610066847152
Natan's Catering,Truck,APPROVED,Burgers: melts: hot dogs: burritos:sandwiches: fries: onion rings: drinks,37.76746628714475,-122.39086028943052
Natan's Catering,Truck,APPROVED,Burgers: melts: hot dogs: burritos:sandwiches: fries: onion rings: drinks,37.7300036831892,-122.4781863254146
Natan's Catering,Truck,APPROVED,Burgers: melts: hot dogs: burritos:sandwiches: fries: onion rings: drinks,0.0,0.0
Natan's Catering,Truck,APPROVED,Burgers: melts: hot dogs: burritos:sandwiches: fries: onion rings: drinks,37.75334000118106,-122.38412838423729
Natan's Catering,Truck,APPROVED,Burgers: melts: hot dogs: burritos:sandwiches: fries: onion rings: drinks,37.747772091607466,-122.39703171897756
Natan's Catering,Truck,APPROVED,Burgers: melts: hot dogs: burritos:sandwiches: fries: onion rings: drinks,37.75712456038606,-122.3885295152567
Natan's Catering,Truck,APPROVED,Burgers: melts: hot dogs: burritos:sandwiches: fries: onion rings: drinks,37.75076076946013,-122.40154029135653
Wu Wei LLC dba MoBowl,Truck,EXPIRED,Various types of meat: veggie: and seafood bowls.,37.79155786415492,-122.39167149978556
Natan's Catering,Truck,APPROVED,Burgers: melts: hot dogs: burritos:sandwiches: fries: onion rings: drinks,0.0,0.0
Natan's Catering,Truck,APPROVED,Burgers: melts: hot dogs: burritos:sandwiches: fries: onion rings: drinks,37.76118299450509,-122.38811870407658
Natan's Catering,Truck,APPROVED,Burgers: melts: hot dogs: burritos:sandwiches: fries: onion rings: drinks,37.76537066931712,-122.40390784821224
Natan's Catering,Truck,APPROVED,Burgers: melts: hot dogs: burritos:sandwiches: fries: onion rings: drinks,37.75240499247832,-122.38700019629786
"Bay Area Mobile Catering, Inc. dba. Taqueria Angelica's",Truck,APPROVED,Tacos: burritos: soda & juice,37.7509316476402,-122.4114199662057
"Bay Area Mobile Catering, Inc. dba. Taqueria Angelica's",Truck,APPROVED,Tacos: burritos: soda & juice,37.771586702670334,-122.41400704302406
"Bay Area Mobile Catering, Inc. dba. Taqueria Angelica's",Truck,APPROVED,Tacos: Burritos: Tortas: Quesadillas: Sodas: Chips: Candy,37.74925585952909,-122.3909753795768
"Bay Area Mobile Catering, Inc. dba. Taqueria Angelica's",Truck,APPROVED,Tacos: burritos: soda & juice,37.77522830783405,-122.41746613186956
Plaza Garibaldy,Truck,APPROVED,Tacos: burritos: quesadillas,37.78924953407508,-122.40241859729358
Plaza Garibaldy,Truck,APPROVED,Tacos: burritos: quesadillas,37.792346385148,-122.40238532279396
Bonito Poke,Truck,REQUESTED,Bonito Poke Bowls & Various Drinks,37.78911920766765,-122.39588103933524
Bonito Poke,Truck,REQUESTED,Bonito Poke Bowls & Various Drinks,37.78798864899528,-122.39610066847152
Bonito Poke,Truck,REQUESTED,Bonito Poke Bowls & Various Drinks,37.793262206923096,-122.4017890913628
Plaza Garibaldy,Truck,APPROVED,Tacos: burritos: quesadillas,37.78795495968584,-122.39723654373122
"Halal Cart, LLC",Push Cart,EXPIRED,kebabs: halal gyro: grilled halal meat: refreshments,37.79387150715064,-122.39486523862108
Kid Abelha - Brazilian Hamburgers,Truck,EXPIRED,Brazilian Hamburgers,37.747772091607466,-122.39703171897756
San Francisco's Hometown Creamery,Truck,APPROVED,Ice Cream & Waffle Cones,37.78713649108612,-122.4077185090006
"San Francisco Carts & Concessions, Inc. DBA Stanley's Steamers Hot Dogs",Push Cart,EXPIRED,Hot dogs: condiments: soft pretzels: soft drinks: coffee: cold beverages: pastries: bakery goods: cookies: ice cream: candy: soups: churros: chestnuts: nuts: fresh fruit: fruit juices: desserts: potato chips and popcorn.,37.78717629174164,-122.4073980759582
El Alambre,Truck,EXPIRED,Tacos: Burritos: Quesadillas: Nachos Alambres: Choice of Meat: Carne Asada: Carnitas: Pollo: Al Pastor Camarones,37.785271949066775,-122.42260358516438
CARDONA'S FOOD TRUCK,Truck,EXPIRED,Tacos: Burritos: Quesadillas: Various Drinks,37.76689760255916,-122.42032247306808
Liang Bai Ping,Truck,EXPIRED,Cold Truck: Pre-packaged sandwiches: snacks: fruit: various beverages,0.0,0.0
F & C Catering,Truck,EXPIRED,Cold Truck: Hot/Cold Sandwiches: Water: Soda: Juice: Snacks: Milk: Candies: Canned Food: Soups: Cup of Noodles: Fruit: Salad,37.75224166848031,-122.38918854258944
El Gallo Jiro,Truck,EXPIRED,Burritos: Giros: Tortas: Quesadillas: Tacos & Various Beverages,37.753927735726535,-122.41332312961758
Singh Brothers Ice Cream,Truck,REQUESTED,Ice Cream: Pre-Packaged Chips: Candies: Bottled Water & Canned SODA,37.72774449070106,-122.38210737524216
Esmeli Catering,Truck,REQUESTED,tacos: burritos: quesadilla: tortas sodas,0.0,0.0
El Tonayense #60,Truck,REQUESTED,Tacos: Burritos: Tortas: Quesadillas: Drinks,0.0,0.0
Truly Food & More,Truck,APPROVED,Latin Food: Tacos: Pupusas: Vegetables: Salad: Waters: Sodas,37.78798864899528,-122.39610066847152
F & C Catering,Truck,EXPIRED,Cold Truck: Hot/Cold Sandwiches: Water: Soda: Juice: Snacks: Milk: Candies: Canned Food: Soups: Cup of Noodles: Fruit: Salad,37.754251708893726,-122.3893812288799
San Francisco's Hometown Creamery,Truck,APPROVED,Ice Cream: Waffle Cones,37.78869699864027,-122.40747042036952
San Francisco's Hometown Creamery,Truck,APPROVED,Ice cream & Waffle cones,37.79183426305553,-122.40127961659626
Golden Gate Halal Food,Push Cart,SUSPEND,Pulao Plates & Sandwiches: Various Drinks,0.0,0.0
El Alambre,Truck,APPROVED,Tacos: Burritos: Quesadillas: Tortas,37.76785244271805,-122.41610489253188
F & C Catering,Truck,EXPIRED,Cold Truck: Hot/Cold Sandwiches: Water: Soda: Juice: Snacks: Milk: Candies: Canned Food: Soups: Cup of Noodles: Fruit: Salad,37.75371741690213,-122.3883590210436
San Francisco's Hometown Creamery,Truck,APPROVED,Ice Cream: Waffle Cones,37.79279574157871,-122.40135328093122
Street Meet,Truck,SUSPEND,Burritos: Tacos: Quesadillas: Tortas: Carne Asada Fries and various drinks,37.779159119969,-122.4158078824267
El Alambre,Truck,APPROVED,Tacos: Burritos: Quesadillas: Tortas,37.76785244271805,-122.41610489253188
San Francisco's Hometown Creamery,Truck,APPROVED,Ice Cream: Waffle Cones,37.78924953407508,-122.40241859729358
Papalote Inc.,Truck,APPROVED,Mexican; Burritos: Burrito Bowls: Salads,37.79253598843109,-122.394593199235
DO UC US Mobile Catering,Truck,APPROVED,Cold truck: sandwiches: salads: beverages: chips: candy: cookies: coffee: tea: drinks,37.76989774889607,-122.3910982796345
Street Meet,Truck,SUSPEND,Burritos: Tacos: Quesadillas: Tortas: Carne Asada Fries and various drinks,37.779159119969,-122.4158078824267
Wu Wei LLC dba MoBowl,Truck,EXPIRED,Various types of meat: veggie: and seafood bowls.,37.80022091559222,-122.39956901857713
DO UC US Mobile Catering,Truck,APPROVED,Cold truck: sandwiches: salads: beverages: chips: candy: cookies: coffee: tea: drinks,37.74837582577795,-122.40320062649582
DO UC US Mobile Catering,Truck,APPROVED,Cold truck: sandwiches: salads: beverages: chips: candy: cookies: coffee: tea: drinks,37.763864032383225,-122.4583917498439
Papalote Inc.,Truck,APPROVED,Mexican; Burritos: Burrito Bowls: Salads,37.78798864899528,-122.39610066847152
DO UC US Mobile Catering,Truck,APPROVED,Cold truck: sandwiches: salads: beverages: chips: candy: cookies: coffee: tea: drinks,37.77089223103183,-122.3891692314827
Wu Wei LLC dba MoBowl,Truck,EXPIRED,Various types of meat: veggie: and seafood bowls.,0.0,0.0
Flavors of Africa,Truck,SUSPEND,Meat and vegi rice bowls: meat and vegi salad bowls: meat and vegi wraps: drinks and juices.,37.78886471534304,-122.39935935136296
Wu Wei LLC dba MoBowl,Truck,EXPIRED,Various types of meat: veggie: and seafood bowls.,37.79612338025215,-122.39727320433803
F & C Catering,Truck,EXPIRED,Cold Truck: Hot/Cold Sandwiches: Water: Soda: Juice: Snacks: Milk: Candies: Canned Food: Soups: Cup of Noodles: Fruit: Salad,37.75310874987126,-122.38817020206616
Brazuca Grill,Truck,APPROVED,Cold Truck: Sandwiches: Noodles:  Pre-packaged Snacks: Candy: Desserts Various Beverages,37.80504950905885,-122.41433443693992
Brazuca Grill,Truck,APPROVED,Cold Truck: Sandwiches: Noodles:  Pre-packaged Snacks: Candy: Desserts Various Beverages,37.72397990389285,-122.39590345491315
Brazuca Grill,Truck,APPROVED,Cold Truck: Sandwiches: Noodles:  Pre-packaged Snacks: Candy: Desserts Various Beverages,37.7813800275549,-122.42314384550636
Treats by the Bay LLC,Push Cart,EXPIRED,Ice Cream: Donuts,37.79387150715064,-122.39486523862108
Brazuca Grill,Truck,APPROVED,Cold Truck: Sandwiches: Noodles:  Pre-packaged Snacks: Candy: Desserts Various Beverages,37.76420237830191,-122.39428524233958
F & C Catering,Truck,EXPIRED,Cold Truck: Hot/Cold Sandwiches: Water: Soda: Juice: Snacks: Milk: Candies: Canned Food: Soups: Cup of Noodles: Fruit: Salad,0.0,0.0
F & C Catering,Truck,EXPIRED,Cold Truck: Hot/Cold Sandwiches: Water: Soda: Juice: Snacks: Milk: Candies: Canned Food: Soups: Cup of Noodles: Fruit: Salad,0.0,0.0
F & C Catering,Truck,EXPIRED,Cold Truck: Hot/Cold Sandwiches: Water: Soda: Juice: Snacks: Milk: Candies: Canned Food: Soups: Cup of Noodles: Fruit: Salad,37.75338080997486,-122.38636768585714
Brazuca Grill,Truck,APPROVED,Cold Truck: Sandwiches: Noodles:  Pre-packaged Snacks: Candy: Desserts Various Beverages,37.75023688477907,-122.3978180317186
Brazuca Grill,Truck,APPROVED,Cold Truck: Sandwiches: Noodles:  Pre-packaged Snacks: Candy: Desserts Various Beverages,37.76890352056648,-122.41598117460148
Lerso,Truck,SUSPEND,Pernil Asado: Ropa Vieja: Arroz con Pollo: Cuban Sandwich: Croquetas Fritas: Tostones: Platanos Maduros: Yuca Frita,37.77522830783405,-122.41746613186956
Brazuca Grill,Truck,APPROVED,Cold Truck: Sandwiches: Noodles:  Pre-packaged Snacks: Candy: Desserts Various Beverages,37.74944293760035,-122.38798553250405
Brazuca Grill,Truck,APPROVED,Cold Truck: Sandwiches: Noodles:  Pre-packaged Snacks: Candy: Desserts Various Beverages,37.758786162305626,-122.39095839869276
F & C Catering,Truck,EXPIRED,Cold Truck: Hot/Cold Sandwiches: Water: Soda: Juice: Snacks: Milk: Candies: Canned Food: Soups: Cup of Noodles: Fruit: Salad,37.755534471603866,-122.39392527753924
Wu Wei LLC dba MoBowl,Truck,EXPIRED,Various types of meat: veggie: and seafood bowls.,37.79691371248354,-122.39665067526364
Singh Brothers Ice Cream,Truck,REQUESTED,Ice Cream: Pre-Packaged Chips: Candies: Bottled Water & Canned SODA,37.725450702172296,-122.39199164141807
Golden Gate Halal Food,Push Cart,SUSPEND,Pulao Plates & Sandwiches: Various Drinks,37.78228077241861,-122.40953118731998
Halal Cart of San Francisco,Push Cart,EXPIRED,Halal Gyro over Rice: Halal Chicken over Rice: Halal Gyro: and Chicken Sandwich,37.79387150715064,-122.39486523862108
Treats by the Bay LLC,Truck,EXPIRED,Prepackaged Kettlecorn,37.78561008636915,-122.40815476434544
Treats by the Bay LLC,Truck,EXPIRED,Prepackaged Kettlecorn,37.78680165059711,-122.39787163500326
Singh Brothers Ice Cream,Truck,REQUESTED,Ice Cream: Pre-Packaged Chips: Candies: Bottled Water & Canned SODA,37.725181700728754,-122.38819268844397
"SOHOMEI, LLC",Truck,REQUESTED,COLD TRUCK. Deli: bbq chicken skewer: Chinese spring roll: Chinese fried rice/noodle: fried chicken leg/wing: bbq chicken sandwich: chicken cheese burger: burrito: lumpia. Snack: sunflower seeds: muffins: chips: snickers: kit-kat: 10 types of chocolate. Drinks: Coke: 7-Up: Dr. Pepper: Pepsi: Redbull: Vitamin Water: Rockstar: Coconut Juice: Water. Hot drinks: coffee: tea.,37.77655004281911,-122.44630763555782
"SOHOMEI, LLC",Truck,REQUESTED,COLD TRUCK. Deli: bbq chicken skewer: Chinese spring roll: Chinese fried rice/noodle: fried chicken leg/wing: bbq chicken sandwich: chicken cheese burger: burrito: lumpia. Snack: sunflower seeds: muffins: chips: snickers: kit-kat: 10 types of chocolate. Drinks: Coke: 7-Up: Dr. Pepper: Pepsi: Redbull: Vitamin Water: Rockstar: Coconut Juice: Water. Hot drinks: coffee: tea.,37.74854979425914,-122.41617066200786
Serendipity SF,Truck,ISSUED,Meatloaf: Grilled Cheese: Chicken Sandwich: Caprese Salad: Kale Salad: Fries: Sweet Potato Fries: Mac and Cheese: Mashed Potatoes,37.79330427556103,-122.4014589984134
CC Acquisition LLC,Push Cart,REQUESTED,Chai Tea,37.790406719940485,-122.39927588608576
Singh Brothers Ice Cream,Truck,REQUESTED,Ice Cream: Pre-Packaged Chips: Candies: Bottled Water & Canned SODA,37.73343881164075,-122.38046754951796
"SOHOMEI, LLC",Truck,REQUESTED,COLD TRUCK. Deli: bbq chicken skewer: Chinese spring roll: Chinese fried rice/noodle: fried chicken leg/wing: bbq chicken sandwich: chicken cheese burger: burrito: lumpia. Snack: sunflower seeds: muffins: chips: snickers: kit-kat: 10 types of chocolate. Drinks: Coke: 7-Up: Dr. Pepper: Pepsi: Redbull: Vitamin Water: Rockstar: Coconut Juice: Water. Hot drinks: coffee: tea.,37.77915720534109,-122.41161543051868
"SOHOMEI, LLC",Truck,REQUESTED,COLD TRUCK. Deli: bbq chicken skewer: Chinese spring roll: Chinese fried rice/noodle: fried chicken leg/wing: bbq chicken sandwich: chicken cheese burger: burrito: lumpia. Snack: sunflower seeds: muffins: chips: snickers: kit-kat: 10 types of chocolate. Drinks: Coke: 7-Up: Dr. Pepper: Pepsi: Redbull: Vitamin Water: Rockstar: Coconut Juice: Water. Hot drinks: coffee: tea.,37.795105560981405,-122.40087663372626
SPUNBYSS,Truck,REQUESTED,American classic slider:  fried chicken slider: fried chicken skin: wedge cut fries: regular cut fries: handcrafted sodas: spring salad,37.78594032017338,-122.39779993385848
Singh Brothers Ice Cream,Truck,REQUESTED,Ice Cream: Pre-Packaged Chips: Candies: Bottled Water & Canned SODA,37.7108412835853,-122.39964261496316
Singh Brothers Ice Cream,Truck,REQUESTED,Ice Cream: Pre-Packaged Chips: Candies: Bottled Water & Canned SODA,37.72943828845401,-122.37665780072308
Tacos El Primo,Truck,REQUESTED,Mexican food: tacos: burritos: tortas: various meat and chicken and fish plate: chile relleno plate: fish plate: bread: flan: rice pudding: bread: fruit juice: vegetable juice: coffee: tea,37.744889286143,-122.39097197693538
"SOHOMEI, LLC",Truck,REQUESTED,COLD TRUCK. Deli: bbq chicken skewer: Chinese spring roll: Chinese fried rice/noodle: fried chicken leg/wing: bbq chicken sandwich: chicken cheese burger: burrito: lumpia. Snack: sunflower seeds: muffins: chips: snickers: kit-kat: 10 types of chocolate. Drinks: Coke: 7-Up: Dr. Pepper: Pepsi: Redbull: Vitamin Water: Rockstar: Coconut Juice: Water. Hot drinks: coffee: tea.,37.710003334289446,-122.47141191312888
Singh Brothers Ice Cream,Truck,REQUESTED,Ice Cream: Pre-Packaged Chips: Candies: Bottled Water & Canned SODA,37.71699129032396,-122.38959908416972
"SOHOMEI, LLC",Truck,REQUESTED,COLD TRUCK. Deli: bbq chicken skewer: Chinese spring roll: Chinese fried rice/noodle: fried chicken leg/wing: bbq chicken sandwich: chicken cheese burger: burrito: lumpia. Snack: sunflower seeds: muffins: chips: snickers: kit-kat: 10 types of chocolate. Drinks: Coke: 7-Up: Dr. Pepper: Pepsi: Redbull: Vitamin Water: Rockstar: Coconut Juice: Water. Hot drinks: coffee: tea.,37.78982691876333,-122.42112628905566
Munch India,Truck,REQUESTED,Daily rotating menus consisting of various local & organic vegetable: poultry: meat: seafood : rice & bread dishes.,37.79330427556103,-122.4014589984134
Singh Brothers Ice Cream,Truck,REQUESTED,Ice Cream: Pre-Packaged Chips: Candies: Bottled Water & Canned SODA,37.71893981909594,-122.39051787206591
Singh Brothers Ice Cream,Truck,REQUESTED,Ice Cream: Pre-Packaged Chips: Candies: Bottled Water & Canned SODA,37.72044936265937,-122.39591501423702
Tacos El Primo,Truck,REQUESTED,Mexican food: tacos: burritos: tortas: various meat and chicken and fish plate: chile relleno plate: fish plate: bread: flan: rice pudding: bread: fruit juice: vegetable juice: coffee: tea,37.72593049503994,-122.38921555942116
The Huge Hotdog Concession,Truck,EXPIRED,Hotdogs: chips: soda: nuts: crackers,37.78887711726664,-122.42009102003809
"Santana ESG, Inc.",Truck,EXPIRED,Tacos: Burritos: Tortas: Quesadillas: Mexican Drinks: Aguas Frescas,37.790485146128,-122.40094044068952
Singh Brothers Ice Cream,Truck,REQUESTED,Ice Cream: Pre-Packaged Chips: Candies: Bottled Water & Canned SODA,37.72279368875932,-122.39171966647248
Marengo,Truck,REQUESTED,Breakfast - egg: cheese: bacon: tomato: english muffin w/ butter: jam: or nutella: hard boiled eggs: fruit medley: water: coffee: milk: carrot juice: orange juice,37.7386499426562,-122.4061861142952
Singh Brothers Ice Cream,Truck,REQUESTED,Ice Cream: Pre-Packaged Chips: Candies: Bottled Water & Canned SODA,37.710451691867526,-122.3961490789956
Eli's Hot Dogs,Push Cart,REQUESTED,various styles of hot dogs & sausages: chips: breakfast sandwiches: chili: soda: water:,37.746948295513135,-122.40339096031298
Singh Brothers Ice Cream,Truck,REQUESTED,Ice Cream: Pre-Packaged Chips: Candies: Bottled Water & Canned SODA,37.72867144281792,-122.38186508864092
"SOHOMEI, LLC",Truck,REQUESTED,COLD TRUCK. Deli: bbq chicken skewer: Chinese spring roll: Chinese fried rice/noodle: fried chicken leg/wing: bbq chicken sandwich: chicken cheese burger: burrito: lumpia. Snack: sunflower seeds: muffins: chips: snickers: kit-kat: 10 types of chocolate. Drinks: Coke: 7-Up: Dr. Pepper: Pepsi: Redbull: Vitamin Water: Rockstar: Coconut Juice: Water. Hot drinks: coffee: tea.,37.760957168278544,-122.42182419935828
SF Cart Project,Truck,EXPIRED,7 Multiple Trucks on rotation (1 on Mission Bay Blvd South & 6 on 4th St).   Serving everything but hot dogs,37.76912441216805,-122.39147491124584
"Santana ESG, Inc.",Truck,EXPIRED,Tacos: Burritos: Tortas: Quesadillas: Mexican Drinks: Aguas Frescas,0.0,0.0
"SOHOMEI, LLC",Truck,REQUESTED,COLD TRUCK. Deli: bbq chicken skewer: Chinese spring roll: Chinese fried rice/noodle: fried chicken leg/wing: bbq chicken sandwich: chicken cheese burger: burrito: lumpia. Snack: sunflower seeds: muffins: chips: snickers: kit-kat: 10 types of chocolate. Drinks: Coke: 7-Up: Dr. Pepper: Pepsi: Redbull: Vitamin Water: Rockstar: Coconut Juice: Water. Hot drinks: coffee: tea.,37.78072314754437,-122.44778964047842
"SOHOMEI, LLC",Truck,REQUESTED,COLD TRUCK. Deli: bbq chicken skewer: Chinese spring roll: Chinese fried rice/noodle: fried chicken leg/wing: bbq chicken sandwich: chicken cheese burger: burrito: lumpia. Snack: sunflower seeds: muffins: chips: snickers: kit-kat: 10 types of chocolate. Drinks: Coke: 7-Up: Dr. Pepper: Pepsi: Redbull: Vitamin Water: Rockstar: Coconut Juice: Water. Hot drinks: coffee: tea.,37.74569302612038,-122.39071458482128
Singh Brothers Ice Cream,Truck,REQUESTED,Ice Cream: Pre-Packaged Chips: Candies: Bottled Water & Canned SODA,37.72716806878196,-122.39002914870102
CC Acquisition LLC,Push Cart,REQUESTED,Indian Chai (Tea),37.79321373166341,-122.39704303671824
Ruru Juice LLC,Truck,REQUESTED,Smoothies: Juice: Salads: Fruit Bowls: Soup,37.78767164448786,-122.39976292583924
Wonder Philly,Push Cart,ISSUED,Hot dogs: sausages: cheesesteaks: chips: drinks,37.77433766636957,-122.39405328631256
Singh Brothers Ice Cream,Truck,REQUESTED,Ice Cream: Pre-Packaged Chips: Candies: Bottled Water & Canned SODA,37.72017472264928,-122.38940711434188
Julie's Hot Dogs,Truck,EXPIRED,Hot dogs: Bacon wrapped hot dogs: soda: water: sports drinks: energy drinks: chips,37.75924028515023,-122.4185441711166
"SOHOMEI, LLC",Truck,REQUESTED,COLD TRUCK. Deli: bbq chicken skewer: Chinese spring roll: Chinese fried rice/noodle: fried chicken leg/wing: bbq chicken sandwich: chicken cheese burger: burrito: lumpia. Snack: sunflower seeds: muffins: chips: snickers: kit-kat: 10 types of chocolate. Drinks: Coke: 7-Up: Dr. Pepper: Pepsi: Redbull: Vitamin Water: Rockstar: Coconut Juice: Water. Hot drinks: coffee: tea.,0.0,0.0
"Kabob Trolley, LLC",Push Cart,REQUESTED,Gyros: Kebobs: refreshments and dessert,37.77764220851001,-122.39341814593186
"Kabob Trolley, LLC",Truck,REQUESTED,Halal Gyro and Cheesesteaks,37.77833025576586,-122.41151586526772
Tacos El Primo,Truck,REQUESTED,Mexican food: tacos: burritos: tortas: various meat and chicken and fish plate: chile relleno plate: fish plate: bread: flan: rice pudding: bread: fruit juice: vegetable juice: coffee: tea,37.72980548057414,-122.39924710472444
Singh Brothers Ice Cream,Truck,REQUESTED,Ice Cream: Pre-Packaged Chips: Candies: Bottled Water & Canned SODA,37.730374237862826,-122.38186187865688
CC Acquisition LLC,Push Cart,REQUESTED,Chai Tea,37.763858081360304,-122.4220826209929
"Santana ESG, Inc.",Truck,EXPIRED,Tacos: Burritos: Tortas: Quesadillas: Mexican Drinks: Aguas Frescas,37.76474535071949,-122.41656213947006
"SOHOMEI, LLC",Truck,REQUESTED,COLD TRUCK. Deli: bbq chicken skewer: Chinese spring roll: Chinese fried rice/noodle: fried chicken leg/wing: bbq chicken sandwich: chicken cheese burger: burrito: lumpia. Snack: sunflower seeds: muffins: chips: snickers: kit-kat: 10 types of chocolate. Drinks: Coke: 7-Up: Dr. Pepper: Pepsi: Redbull: Vitamin Water: Rockstar: Coconut Juice: Water. Hot drinks: coffee: tea.,37.78242356329466,-122.39323639939816
Ruru Juice LLC,Truck,REQUESTED,Smoothies: Juice: Salads: Fruit Bowls: Soup,37.79034624734142,-122.4018501909886
Singh Brothers Ice Cream,Truck,REQUESTED,Ice Cream: Pre-Packaged Chips: Candies: Bottled Water & Canned SODA,37.71852204856645,-122.3966614444168
Tacos Lol-Tun,Truck,EXPIRED,Tortas: burritos: tacos: ensaladas: sodas,37.726594363386816,-122.39235562563124
El Tonayense #60,Truck,REQUESTED,Tacos: Burritos: Tortas: Quesadillas: Drinks,37.763108325376656,-122.41345489002224
"SOHOMEI, LLC",Truck,REQUESTED,COLD TRUCK. Deli: bbq chicken skewer: Chinese spring roll: Chinese fried rice/noodle: fried chicken leg/wing: bbq chicken sandwich: chicken cheese burger: burrito: lumpia. Snack: sunflower seeds: muffins: chips: snickers: kit-kat: 10 types of chocolate. Drinks: Coke: 7-Up: Dr. Pepper: Pepsi: Redbull: Vitamin Water: Rockstar: Coconut Juice: Water. Hot drinks: coffee: tea.,37.74475219161639,-122.38567924872147
"SOHOMEI, LLC",Truck,REQUESTED,COLD TRUCK. Deli: bbq chicken skewer: Chinese spring roll: Chinese fried rice/noodle: fried chicken leg/wing: bbq chicken sandwich: chicken cheese burger: burrito: lumpia. Snack: sunflower seeds: muffins: chips: snickers: kit-kat: 10 types of chocolate. Drinks: Coke: 7-Up: Dr. Pepper: Pepsi: Redbull: Vitamin Water: Rockstar: Coconut Juice: Water. Hot drinks: coffee: tea.,37.78442073689951,-122.41840535178248
"SOHOMEI, LLC",Truck,REQUESTED,COLD TRUCK. Deli: bbq chicken skewer: Chinese spring roll: Chinese fried rice/noodle: fried chicken leg/wing: bbq chicken sandwich: chicken cheese burger: burrito: lumpia. Snack: sunflower seeds: muffins: chips: snickers: kit-kat: 10 types of chocolate. Drinks: Coke: 7-Up: Dr. Pepper: Pepsi: Redbull: Vitamin Water: Rockstar: Coconut Juice: Water. Hot drinks: coffee: tea.,37.75461495148918,-122.39038813202004
"SOHOMEI, LLC",Truck,REQUESTED,COLD TRUCK. Deli: bbq chicken skewer: Chinese spring roll: Chinese fried rice/noodle: fried chicken leg/wing: bbq chicken sandwich: chicken cheese burger: burrito: lumpia. Snack: sunflower seeds: muffins: chips: snickers: kit-kat: 10 types of chocolate. Drinks: Coke: 7-Up: Dr. Pepper: Pepsi: Redbull: Vitamin Water: Rockstar: Coconut Juice: Water. Hot drinks: coffee: tea.,37.78845702882892,-122.3998841605663
Singh Brothers Ice Cream,Truck,REQUESTED,Ice Cream: Pre-Packaged Chips: Candies: Bottled Water & Canned SODA,37.72672797825706,-122.38865842883156
Singh Brothers Ice Cream,Truck,REQUESTED,Ice Cream: Pre-Packaged Chips: Candies: Bottled Water & Canned SODA,37.71644300214742,-122.38993787932108
"SOHOMEI, LLC",Truck,REQUESTED,COLD TRUCK. Deli: bbq chicken skewer: Chinese spring roll: Chinese fried rice/noodle: fried chicken leg/wing: bbq chicken sandwich: chicken cheese burger: burrito: lumpia. Snack: sunflower seeds: muffins: chips: snickers: kit-kat: 10 types of chocolate. Drinks: Coke: 7-Up: Dr. Pepper: Pepsi: Redbull: Vitamin Water: Rockstar: Coconut Juice: Water. Hot drinks: coffee: tea.,0.0,0.0
Singh Brothers Ice Cream,Truck,REQUESTED,Ice Cream: Pre-Packaged Chips: Candies: Bottled Water & Canned SODA,37.73935716086751,-122.39152281175876
"SOHOMEI, LLC",Truck,REQUESTED,COLD TRUCK. Deli: bbq chicken skewer: Chinese spring roll: Chinese fried rice/noodle: fried chicken leg/wing: bbq chicken sandwich: chicken cheese burger: burrito: lumpia. Snack: sunflower seeds: muffins: chips: snickers: kit-kat: 10 types of chocolate. Drinks: Coke: 7-Up: Dr. Pepper: Pepsi: Redbull: Vitamin Water: Rockstar: Coconut Juice: Water. Hot drinks: coffee: tea.,37.75563700983233,-122.405101930379
Singh Brothers Ice Cream,Truck,REQUESTED,Ice Cream: Pre-Packaged Chips: Candies: Bottled Water & Canned SODA,37.72670827296216,-122.38362491720036
"SOHOMEI, LLC",Truck,REQUESTED,COLD TRUCK. Deli: bbq chicken skewer: Chinese spring roll: Chinese fried rice/noodle: fried chicken leg/wing: bbq chicken sandwich: chicken cheese burger: burrito: lumpia. Snack: sunflower seeds: muffins: chips: snickers: kit-kat: 10 types of chocolate. Drinks: Coke: 7-Up: Dr. Pepper: Pepsi: Redbull: Vitamin Water: Rockstar: Coconut Juice: Water. Hot drinks: coffee: tea.,37.78159674576022,-122.43485778844028
El Tonayanse #4 / #36,Truck,REQUESTED,Tacos: Burritos: Tortas: Quesadillas,0.0,0.0
Singh Brothers Ice Cream,Truck,REQUESTED,Ice Cream: Pre-Packaged Chips: Candies: Bottled Water & Canned SODA,37.71920021771331,-122.39597673109591
"SOHOMEI, LLC",Truck,REQUESTED,COLD TRUCK. Deli: bbq chicken skewer: Chinese spring roll: Chinese fried rice/noodle: fried chicken leg/wing: bbq chicken sandwich: chicken cheese burger: burrito: lumpia. Snack: sunflower seeds: muffins: chips: snickers: kit-kat: 10 types of chocolate. Drinks: Coke: 7-Up: Dr. Pepper: Pepsi: Redbull: Vitamin Water: Rockstar: Coconut Juice: Water. Hot drinks: coffee: tea.,37.76830699279999,-122.41200033609216
BH & MT LLC,Truck,EXPIRED,Cold Truck: Breakfast: Sandwiches: Salads: Pre-Packaged Snacks: Beverages,37.77529014231951,-122.4407311621107
Flavors of Africa,Truck,SUSPEND,Meat and vegi rice bowls: meat and vegi salad bowls: meat and vegi wraps: drinks and juices.,37.788530010632506,-122.39514429387364
Rita's Catering,Truck,APPROVED,Filipino Food,37.78069437740818,-122.40966881321906
Eva's Catering,Truck,APPROVED,Cold Truck: Burrito: Corn Dog: Salads: Sandwiches: Quesadilla: Tacos: Fried Rice: Cow Mein: Chinese Rice: Noodle Plates: Soup: Bacon: Eggs: Ham: Avacado: Sausages: Beverages,37.75212416311866,-122.47587232222202
Eva's Catering,Truck,APPROVED,Cold Truck: Burrito: Corn Dog: Salads: Sandwiches: Quesadilla: Tacos: Fried Rice: Cow Mein: Chinese Rice: Noodle Plates: Soup: Bacon: Eggs: Ham: Avacado: Sausages: Beverages,37.78350912221273,-122.49007120809986
Eva's Catering,Truck,APPROVED,Corndogs: fried burrito: rice placet: soda: water: sandwiches: soup: noodle plates,37.722629217598346,-122.39006184632665
Faith Sandwich,Push Cart,SUSPEND,BBQ PORK SANDWICHGRILL CHICKEN SANDWICHSHIRMP SPRING ROLLSBBQ PORK OVER RICEGRILL CHICKEN OVER RICEBBQ PORK VERMICELLIGRILL CHICKEN VERMICELLIBBQ PORK GARLIC NOODLEGRILL CHICKEN GARLIC NOODLENEW ITEMS:MASALA DOSAPANNER DOSACHICKEN CURRY & RICECHICKEN STEWRICE OR DOSAADD CHEESEADD GHEE,37.79210933860902,-122.39580386550163
San Pancho's Tacos,Truck,REQUESTED,Tacos: Burritos: Quesadillas: Tortas: Nachos: Hot Dogs:Soda: Water: Fruit Drinks,37.72429777852764,-122.4593773095484
"San Francisco Carts & Concessions, Inc. DBA Stanley's Steamers Hot Dogs",Push Cart,EXPIRED,Hot dogs: condiments: soft pretzels: soft drinks: coffee: cold beverages: pastries: bakery goods: cookies: ice cream: candy: soups: churros: chestnuts: nuts: fresh fruit: fruit juices: desserts: potato chips and popcorn.,37.7879142297241,-122.4052705230952
Flavors of Africa,Truck,SUSPEND,Meat and vegi rice bowls: meat and vegi salad bowls: meat and vegi wraps: drinks and juices.,37.78844615690132,-122.3986412420388
FRUITYMANIA,Push Cart,SUSPEND,Fruit Salads: Fruit Drinks: Can Soda: Water,37.78511092044776,-122.40742266827704
BH & MT LLC,Truck,EXPIRED,Cold Truck: Breakfast: Sandwiches: Salads: Pre-Packaged Snacks: Beverages,37.783922070111466,-122.44672163317198
BH & MT LLC,Truck,EXPIRED,Cold Truck: Breakfast: Sandwiches: Salads: Pre-Packaged Snacks: Beverages,37.755030726766726,-122.38453073422282
Giant Burrito,Truck,REQUESTED,Tacos: Burritos: Tostadas: Flautas: Tostadas: Tortas: Pozole Menudo,37.712302604744416,-122.43164419037294
Street Meet,Truck,SUSPEND,Tacos: burritos: quesadillas: tortas: asada fries: nachos,37.76381127729062,-122.3912653505994
"Off the Grid Services, LLC",Truck,EXPIRED,everything except for hot dogs,37.799260113502285,-122.39961794865545
"The New York Frankfurter Co. of CA, Inc. DBA: Annie's Hot Dogs",Push Cart,EXPIRED,Soft Pretzels: hot dogs: sausage: chips: popcorn: soda: espresso: cappucino: pastries: ice cream: italian sausages: shish-ka-bob: churros: juice: water: various drinks,37.786856111883054,-122.40689189299718
Mini Mobile Food Catering,Truck,EXPIRED,Cold Truck: Corn Dogs: Noodle Soups: Candy: Pre-packaged Snacks: Sandwiches: Chips: Coffee: Tea: Various Beverages,37.748950363427056,-122.40149318970822
Faith Sandwich,Push Cart,SUSPEND,BBQ PORK SANDWICHGRILL CHICKEN SANDWICHSHIRMP SPRING ROLLSBBQ PORK OVER RICEGRILL CHICKEN OVER RICEBBQ PORK VERMICELLIGRILL CHICKEN VERMICELLIBBQ PORK GARLIC NOODLEGRILL CHICKEN GARLIC NOODLENEW ITEMS:MASALA DOSAPANNER DOSACHICKEN CURRY & RICECHICKEN STEWRICE OR DOSAADD CHEESEADD GHEE,37.78886471534304,-122.39935935136296
BH & MT LLC,Truck,EXPIRED,Cold Truck: Breakfast: Sandwiches: Salads: Pre-Packaged Snacks: Beverages,37.76445952144236,-122.42516137635808
"Off the Grid Services, LLC",Truck,EXPIRED,everything except for hot dogs,37.78236012101754,-122.40209599456324
Shah's Halal Food,Push Cart,SUSPEND,Chicken Gyro: Lamb Gyro: Chiken Gyro Plate: Lamb Gyro Plate: Combination Gyro Plate.,37.79054831818324,-122.40033367367876
FRUITYMANIA,Push Cart,SUSPEND,Fruit Salads: Fruit Drinks: Can Soda: Water,37.784990279306456,-122.40567662907203
Quan Catering,Truck,EXPIRED,Cold Truck: Soft drinks: cup cakes: potato chips: cookies: gum: sandwiches (hot & cold): peanuts: muffins: coff (hot & cold): water: juice: yoplait: milk: orange juice: sunflower seeds: can foods: burritos: buscuits: chimichangas: rice krispies,37.7519716288769,-122.38796548380076
Halal Cart of San Francisco,Push Cart,EXPIRED,Halal Gyro over Rice: Halal Chicken over Rice: Halal Gyro: and Chicken Sandwich,37.79314862698347,-122.4025671755779
Scotch Bonnet,Truck,EXPIRED,Jerk chicken: curry chicken: curry goat: curry dhal: Burritos: Fish: Ox tails: rice: beans: veggies.,37.79142654133214,-122.40103785668796
Kettle Corn Star,Push Cart,EXPIRED,Kettle Corn: Funnel Cakes: Lemonade: Beverages: Flan: Hot Dogs: Falafel: Hot and Cold Sandwiches: French Fries: Baklava and Pastries,37.78539563944047,-122.40439104283044
Roadside Rotisserie Corporation / Country Grill,Truck,REQUESTED,Rotisserie Chicken: Ribs: Kickass Salad: Potatos w/fat dripping: chicken wrap.,37.79092150726921,-122.4001004237385
"Off the Grid Services, LLC",Truck,EXPIRED,everything except for hot dogs,37.77632714778992,-122.39179682107692
Quan Catering,Truck,EXPIRED,Cold Truck: Soft drinks: cup cakes: potato chips: cookies: gum: sandwiches (hot & cold): peanuts: muffins: coff (hot & cold): water: juice: yoplait: milk: orange juice: sunflower seeds: can foods: burritos: buscuits: chimichangas: rice krispies,37.72878795772644,-122.39229482070176
Liang Bai Ping,Truck,EXPIRED,Cold Truck: Pre-packaged sandwiches: snacks: fruit: various beverages,37.72614569247294,-122.38822774090347
Roadside Rotisserie Corporation / Country Grill,Truck,REQUESTED,Rotisserie Chicken; Ribs; Pork Loin; Roasted Potatoes; Chicken Wrap; Kale Salad; Drinks,37.79344652781607,-122.40034367559196
Roadside Rotisserie Corporation / Country Grill,Truck,REQUESTED,Rotisserie chicken: pork loin: ribs: chicken salad wrap: potatoes: roasted seasonal vegetables kale salad: beverages.,37.788778723378,-122.40257456841074
Roadside Rotisserie Corporation / Country Grill,Truck,REQUESTED,Rotisserie Chicken; Ribs; Pork Loin; Roasted Potatoes; Chicken Wrap; Kale Salad; Drinks,37.780918000993,-122.39241698313292
Bonito Poke,Truck,REQUESTED,Bonito Poke Bowls & Various Drinks,37.78911920766765,-122.39588103933524
BH & MT LLC,Truck,EXPIRED,Cold Truck: Breakfast: Sandwiches: Salads: Pre-Packaged Snacks: Beverages,0.0,0.0
SF Street Food,Truck,REQUESTED,Chicken Tikka Masala: Vegetarian Rice Plate: Burritos: Tacos: Mango Lassi,37.78991386713444,-122.40523289252366
Roadside Rotisserie Corporation / Country Grill,Truck,REQUESTED,Rotisserie Chicken: Ribs: Kickass Salad: Potatos w/fat dripping: chicken wrap.,37.799260113502285,-122.39961794865545
Bonito Poke,Truck,REQUESTED,Bonito Poke Bowls & Various Drinks,37.793262206923096,-122.4017890913628
"Bay Area Dots, LLC",Push Cart,REQUESTED,Hot dogs: condiments: soft pretzels: soft drinks: coffee:cold beverages: pastries: bakery goods: cookies: icecream: candy: soups: churros: chestnuts: nuts: fresh fruit: fruit juices: desserts: potato chips and popcorn.,37.80774328844553,-122.42414994486982
BH & MT LLC,Truck,EXPIRED,Cold Truck: Breakfast: Sandwiches: Salads: Pre-Packaged Snacks: Beverages,37.768320249510616,-122.42711064395492
Eva's Catering,Truck,APPROVED,Cold Truck: Burrito: Corn Dog: Salads: Sandwiches: Quesadilla: Tacos: Fried Rice: Cow Mein: Chinese Rice: Noodle Plates: Soup: Bacon: Eggs: Ham: Avacado: Sausages: Beverages,37.75798419052856,-122.43346578040662
Eva's Catering,Truck,APPROVED,Cold Truck: Burrito: Corn Dog: Salads: Sandwiches: Quesadilla: Tacos: Fried Rice: Cow Mein: Chinese Rice: Noodle Plates: Soup: Bacon: Eggs: Ham: Avacado: Sausages: Beverages,37.77609875315735,-122.40028723986816
Eva's Catering,Truck,APPROVED,Cold Truck: Burrito: Corn Dog: Salads: Sandwiches: Quesadilla: Tacos: Fried Rice: Cow Mein: Chinese Rice: Noodle Plates: Soup: Bacon: Eggs: Ham: Avacado: Sausages: Beverages,37.77687638877653,-122.40025957520209
Eva's Catering,Truck,APPROVED,Cold Truck: Burrito: Corn Dog: Salads: Sandwiches: Quesadilla: Tacos: Fried Rice: Cow Mein: Chinese Rice: Noodle Plates: Soup: Bacon: Eggs: Ham: Avacado: Sausages: Beverages,37.747772091607466,-122.39703171897756
Eva's Catering,Truck,APPROVED,Cold Truck: Burrito: Corn Dog: Salads: Sandwiches: Quesadilla: Tacos: Fried Rice: Cow Mein: Chinese Rice: Noodle Plates: Soup: Bacon: Eggs: Ham: Avacado: Sausages: Beverages,37.752660520412284,-122.4754735317814
BH & MT LLC,Truck,EXPIRED,Cold Truck: Breakfast: Sandwiches: Salads: Pre-Packaged Snacks: Beverages,37.775774368410254,-122.43733160784082
Liang Bai Ping,Truck,EXPIRED,Cold Truck: Pre-packaged sandwiches: snacks: fruit: various beverages,37.72659047951941,-122.3817522114059
"Off the Grid Services, LLC",Truck,EXPIRED,everything except for hot dogs,37.77632714778992,-122.39179682107692
El Alambre,Truck,EXPIRED,Tacos: Burritos: Quesadillas: Nachos Alambres: Choice of Meat: Carne Asada: Carnitas: Pollo: Al Pastor Camarones,37.78484602775554,-122.42256813313708
CARDONA'S FOOD TRUCK,Truck,EXPIRED,Tacos: Burritos: Quesadillas: Various Drinks,37.76781718141415,-122.42057533514163
Truly Food & More,Truck,APPROVED,Latin Food: Tacos: Pupusas: Vegetables: Salad: Waters: Sodas,37.79238986198323,-122.40126969523558
Union Square Business Improvement District,Truck,REQUESTED,All types of food except for BBQ on site per fire safety. Partnership with Off the Grid and their fleet of MFF's,0.0,0.0
"San Francisco Carts & Concessions, Inc. DBA Stanley's Steamers Hot Dogs",Push Cart,REQUESTED,American Food: Hot dogs: pretzels: ice cream: salads: beverages: sandwiches: soup: coffee: pastries:etc.,37.78862121908618,-122.40806890640653
"BOWL'D ACAI, LLC.",Truck,REQUESTED,Acai Bowls: Poke Bowls: Smoothies: Juices,37.80457786909011,-122.43301077434302
Tacos El Ojo De Agua,Truck,EXPIRED,Tacos: Burritos: Tortas: Quesadillas: Salads: Soup: Fruits: Juices: Soda: Water,37.780647210048365,-122.39462918166164
Liang Bai Ping,Truck,EXPIRED,Cold Truck: Pre-packaged sandwiches: snacks: fruit: various beverages,37.7259455580465,-122.38228115325305
Mini Mobile Food Catering,Truck,EXPIRED,Cold Truck: Corn Dogs: Noodle Soups: Candy: Pre-packaged Snacks: Sandwiches: Chips: Coffee: Tea: Various Beverages,37.77200865646878,-122.3990838454733
Quan Catering,Truck,EXPIRED,Cold Truck: Soft drinks: cup cakes: potato chips: cookies: gum: sandwiches (hot & cold): peanuts: muffins: coff (hot & cold): water: juice: yoplait: milk: orange juice: sunflower seeds: can foods: burritos: buscuits: chimichangas: rice krispies,37.77444911077535,-122.402087236063
Tacos Santo Toribio,Truck,REQUESTED,tacos,37.74162368623527,-122.4015472063967
Quan Catering,Truck,EXPIRED,Cold Truck: Soft drinks: cup cakes: potato chips: cookies: gum: sandwiches (hot & cold): peanuts: muffins: coff (hot & cold): water: juice: yoplait: milk: orange juice: sunflower seeds: can foods: burritos: buscuits: chimichangas: rice krispies,37.74383117213268,-122.37779736896212
Reecees Soulicious,Truck,REQUESTED,Fried Chicken: Fried Fish: Greens: Mac & Cheese: Peach Cobbler: and String beans,37.73500422895143,-122.39017246969968
Taqueria Lolita,Truck,SUSPEND,Tacos: burritos: quesadillas: combination plates: tortas: tostadas,37.744889286143,-122.39097197693538
Julie's Hot Dogs,Truck,REQUESTED,Hot dogs: bacon-wrapped hot dogs: chicken burgers: energy drinks: water and various other drinks.,37.75887999201479,-122.41937920298372
"San Francisco Carts & Concessions, Inc. DBA Stanley's Steamers Hot Dogs",Push Cart,REQUESTED,American Food: Hot dogs: pretzels: ice cream: salads: beverages: sandwiches: soup: coffee: pastries:etc.,0.0,0.0
"Off the Grid Services, LLC",Truck,REQUESTED,varies truck to truck,0.0,0.0
Liang Bai Ping,Truck,EXPIRED,Cold Truck: Pre-packaged sandwiches: snacks: fruit: various beverages,37.725181700728754,-122.38819268844397
Liang Bai Ping,Truck,EXPIRED,Cold Truck: Pre-packaged sandwiches: snacks: fruit: various beverages,37.773287940470354,-122.44003231663504
Quan Catering,Truck,EXPIRED,Cold Truck: Soft drinks: cup cakes: potato chips: cookies: gum: sandwiches (hot & cold): peanuts: muffins: coff (hot & cold): water: juice: yoplait: milk: orange juice: sunflower seeds: can foods: burritos: buscuits: chimichangas: rice krispies,37.78631979828399,-122.39823507424884
Mini Mobile Food Catering,Truck,EXPIRED,Cold Truck: Corn Dogs: Noodle Soups: Candy: Pre-packaged Snacks: Sandwiches: Chips: Coffee: Tea: Various Beverages,37.77236391476725,-122.39704097036318
The Chai Cart,Push Cart,SUSPEND,Hot Indian Chai (Tea),37.78788969990609,-122.40053532677749
Swell Cream & Coffee,Truck,REQUESTED,Ice cream: coffee: pastries,37.7412902847707,-122.49437792043544
Quan Catering,Truck,EXPIRED,Cold Truck: Soft drinks: cup cakes: potato chips: cookies: gum: sandwiches (hot & cold): peanuts: muffins: coff (hot & cold): water: juice: yoplait: milk: orange juice: sunflower seeds: can foods: burritos: buscuits: chimichangas: rice krispies,37.75023688477907,-122.3978180317186
Liang Bai Ping,Truck,EXPIRED,Cold Truck: Pre-packaged sandwiches: snacks: fruit: various beverages,37.72647071624597,-122.38154121915817
Munch India,Truck,REQUESTED,Daily rotating menus consisting of various local & organic vegetable: poultry: meat: seafood : rice & bread dishes.,0.0,0.0
Liang Bai Ping,Truck,EXPIRED,Cold Truck: Pre-packaged sandwiches: snacks: fruit: various beverages,37.727234007495866,-122.38181551187014
Mini Mobile Food Catering,Truck,EXPIRED,Cold Truck: Corn Dogs: Noodle Soups: Candy: Pre-packaged Snacks: Sandwiches: Chips: Coffee: Tea: Various Beverages,37.78732241931987,-122.39222370638346
Liang Bai Ping,Truck,EXPIRED,Cold Truck: Pre-packaged sandwiches: snacks: fruit: various beverages,37.72672797825706,-122.38865842883156
Liang Bai Ping,Truck,EXPIRED,Cold Truck: Pre-packaged sandwiches: snacks: fruit: various beverages,37.72387884083248,-122.3870108787852
Mini Mobile Food Catering,Truck,EXPIRED,Cold Truck: Corn Dogs: Noodle Soups: Candy: Pre-packaged Snacks: Sandwiches: Chips: Coffee: Tea: Various Beverages,37.77013758050153,-122.41598340280362
Quan Catering,Truck,EXPIRED,Cold Truck: Soft drinks: cup cakes: potato chips: cookies: gum: sandwiches (hot & cold): peanuts: muffins: coff (hot & cold): water: juice: yoplait: milk: orange juice: sunflower seeds: can foods: burritos: buscuits: chimichangas: rice krispies,37.74449821321117,-122.39695540584154
Pipo's Grill,Truck,REQUESTED,Tacos: Burritos: Hot Dogs: and Hamburgers,37.76785244271805,-122.41610489253188
Quan Catering,Truck,EXPIRED,Cold Truck: Soft drinks: cup cakes: potato chips: cookies: gum: sandwiches (hot & cold): peanuts: muffins: coff (hot & cold): water: juice: yoplait: milk: orange juice: sunflower seeds: can foods: burritos: buscuits: chimichangas: rice krispies,37.78690491945698,-122.39092026296215
Mini Mobile Food Catering,Truck,EXPIRED,Cold Truck: Corn Dogs: Noodle Soups: Candy: Pre-packaged Snacks: Sandwiches: Chips: Coffee: Tea: Various Beverages,37.77146721590103,-122.41287229420976
Athena SF Gyro,Push Cart,REQUESTED,Gyro pita bread (Lamb or chicken): lamb over rice: chicken over rice: chicken biryani rice: soft drinks,37.77425926306004,-122.41948598839828
Izzy's Cheesesteaks,Truck,REQUESTED,Cheesesteaks: French Fries: and Drinks,37.79344652781607,-122.40034367559196
Bonito Poke,Truck,REQUESTED,Bonito Poke Bowls & Various Drinks,37.76624504710292,-122.38735628651092
"Casey's Pizza, LLC",Truck,EXPIRED,Artisan Pizzas (Margherita: Yukon Potato: Zoe's Pepperoni: Funghi: Brocolli Rabe: Bacon Kale:  Arugula) and Drinks.,37.78718284771541,-122.40123480885065
San Pancho's Tacos,Truck,REQUESTED,Tacos: Burritos: Quesadillas: Tortas: Nachos: Hot Dogs:Soda: Water: Fruit Drinks,0.0,0.0
Liang Bai Ping,Truck,EXPIRED,Cold Truck: Pre-packaged sandwiches: snacks: fruit: various beverages,37.726725793811774,-122.38924985802704
Liang Bai Ping,Truck,EXPIRED,Cold Truck: Pre-packaged sandwiches: snacks: fruit: various beverages,37.72612523964504,-122.38319932723888
Quan Catering,Truck,EXPIRED,Cold Truck: Soft drinks: cup cakes: potato chips: cookies: gum: sandwiches (hot & cold): peanuts: muffins: coff (hot & cold): water: juice: yoplait: milk: orange juice: sunflower seeds: can foods: burritos: buscuits: chimichangas: rice krispies,37.74925585952909,-122.3909753795768
Scotch Bonnet,Truck,EXPIRED,Jerk chicken: curry chicken: curry goat: curry dhal: Burritos: Fish: Ox tails: rice: beans: veggies.,37.78948669612784,-122.40246743800448
Halal Food,Push Cart,REQUESTED,rice chicken beef hot dogs and sandwich's and coke and water,37.79405318373291,-122.39734769332576
"Casey's Pizza, LLC",Truck,EXPIRED,Artisan Pizzas (Margherita: Yukon Potato: Zoe's Pepperoni: Funghi: Brocolli Rabe: Bacon Kale:  Arugula) and Drinks.,37.792150548481686,-122.39399997405944
"Casey's Pizza, LLC",Truck,EXPIRED,Artisan Pizzas (Margherita: Yukon Potato: Zoe's Pepperoni: Funghi: Brocolli Rabe: Bacon Kale:  Arugula) and Drinks.,37.77604870809225,-122.42393921117214
Liang Bai Ping,Truck,EXPIRED,Cold Truck: Pre-packaged sandwiches: snacks: fruit: various beverages,37.72325986632415,-122.3911728859688
"Casey's Pizza, LLC",Truck,EXPIRED,Artisan Pizzas (Margherita: Yukon Potato: Zoe's Pepperoni: Funghi: Brocolli Rabe: Bacon Kale:  Arugula) and Drinks.,37.792609401119016,-122.40131490545149
Liang Bai Ping,Truck,EXPIRED,Cold Truck: Pre-packaged sandwiches: snacks: fruit: various beverages,37.7270146636245,-122.38749735902202
Mini Mobile Food Catering,Truck,EXPIRED,Cold Truck: Corn Dogs: Noodle Soups: Candy: Pre-packaged Snacks: Sandwiches: Chips: Coffee: Tea: Various Beverages,0.0,0.0
Liang Bai Ping,Truck,EXPIRED,Cold Truck: Pre-packaged sandwiches: snacks: fruit: various beverages,37.72578913981244,-122.37897271962358
Liang Bai Ping,Truck,EXPIRED,Cold Truck: Pre-packaged sandwiches: snacks: fruit: various beverages,37.72531943367549,-122.3813892094274
Athena SF Gyro,Push Cart,REQUESTED,Gyro pita bread (Lamb or chicken): lamb over rice: chicken over rice: chicken biryani rice: soft drinks,37.771021999243686,-122.4035462541838
Halal Cart of San Francisco,Push Cart,REQUESTED,Gyro; Chicken over rice; Gyro over rice;,37.791757205944414,-122.39889763689186
Chilifruit,Push Cart,REQUESTED,Mangoneadas: Fruit snacks: Chamoyadas: Bionicos,0.0,0.0
Quan Catering,Truck,EXPIRED,Cold Truck: Soft drinks: cup cakes: potato chips: cookies: gum: sandwiches (hot & cold): peanuts: muffins: coff (hot & cold): water: juice: yoplait: milk: orange juice: sunflower seeds: can foods: burritos: buscuits: chimichangas: rice krispies,0.0,0.0
Kettle Corn Star,Push Cart,EXPIRED,Kettle Corn: Funnel Cakes: Waffles: Lemonade,37.78394690797423,-122.40715834498369
"San Francisco Carts & Concessions, Inc. DBA Stanley's Steamers Hot Dogs",Push Cart,REQUESTED,American Food: Hot dogs: pretzels: ice cream: salads: beverages: sandwiches: soup: coffee: pastries:etc.,37.78775529896748,-122.40878221396504
Quan Catering,Truck,EXPIRED,Cold Truck: Soft drinks: cup cakes: potato chips: cookies: gum: sandwiches (hot & cold): peanuts: muffins: coff (hot & cold): water: juice: yoplait: milk: orange juice: sunflower seeds: can foods: burritos: buscuits: chimichangas: rice krispies,37.76779784361899,-122.4120963188614
"San Francisco Carts & Concessions, Inc. DBA Stanley's Steamers Hot Dogs",Push Cart,EXPIRED,Hot dogs: condiments: soft pretzels: soft drinks: coffee: cold beverages: pastries: bakery goods: cookies: ice cream: candy: soups: churros: chestnuts: nuts: fresh fruit: fruit juices: desserts: potato chips and popcorn.,37.78724260259671,-122.40687973821338
Liang Bai Ping,Truck,EXPIRED,Cold Truck: Pre-packaged sandwiches: snacks: fruit: various beverages,37.72549804795053,-122.38836915044176
Liang Bai Ping,Truck,EXPIRED,Cold Truck: Pre-packaged sandwiches: snacks: fruit: various beverages,37.78814528329282,-122.39118192026297
Liang Bai Ping,Truck,EXPIRED,Cold Truck: Pre-packaged sandwiches: snacks: fruit: various beverages,37.78969136758703,-122.3965956370838
Halal Cart of San Francisco,Push Cart,REQUESTED,Gyro; Chicken over rice; Gyro over rice;,37.78988987820978,-122.39993041135052
Let's Be Frank,Push Cart,EXPIRED,Hot dogs and chili,37.77603906266594,-122.42417557149162
Khalid M Malik,Push Cart,REQUESTED,chicken sandwich: chicken gyro: chicken biryani,0.0,0.0
Mini Mobile Food Catering,Truck,EXPIRED,Cold Truck: Corn Dogs: Noodle Soups: Candy: Pre-packaged Snacks: Sandwiches: Chips: Coffee: Tea: Various Beverages,37.76855707131207,-122.40961023629804
Liang Bai Ping,Truck,EXPIRED,Cold Truck: Pre-packaged sandwiches: snacks: fruit: various beverages,37.72711043338281,-122.3882612881442
Scotch Bonnet,Truck,EXPIRED,Jerk chicken: curry chicken: curry goat: curry dhal: Burritos: Fish: Ox tails: rice: beans: veggies.,37.793262206923096,-122.4017890913628
Liang Bai Ping,Truck,EXPIRED,Cold Truck: Pre-packaged sandwiches: snacks: fruit: various beverages,37.72305650933894,-122.39111194064196
Liang Bai Ping,Truck,EXPIRED,Cold Truck: Pre-packaged sandwiches: snacks: fruit: various beverages,37.727086633951366,-122.38107444874925
Mini Mobile Food Catering,Truck,EXPIRED,Cold Truck: Corn Dogs: Noodle Soups: Candy: Pre-packaged Snacks: Sandwiches: Chips: Coffee: Tea: Various Beverages,0.0,0.0
Liang Bai Ping,Truck,EXPIRED,Cold Truck: Pre-packaged sandwiches: snacks: fruit: various beverages,37.72417289276133,-122.38973542901095
Liang Bai Ping,Truck,EXPIRED,Cold Truck: Pre-packaged sandwiches: snacks: fruit: various beverages,37.7262494817986,-122.38781536801432
Mini Mobile Food Catering,Truck,EXPIRED,Cold Truck: Corn Dogs: Noodle Soups: Candy: Pre-packaged Snacks: Sandwiches: Chips: Coffee: Tea: Various Beverages,37.7879000978181,-122.39459403620496
Quan Catering,Truck,EXPIRED,Cold Truck: Soft drinks: cup cakes: potato chips: cookies: gum: sandwiches (hot & cold): peanuts: muffins: coff (hot & cold): water: juice: yoplait: milk: orange juice: sunflower seeds: can foods: burritos: buscuits: chimichangas: rice krispies,37.77826657669456,-122.3988359224453
"Off the Grid Services, LLC",Truck,EXPIRED,everything except for hot dogs,37.799260113502285,-122.39961794865545
SF Street Food,Truck,REQUESTED,Chicken Tikka Masala: Vegetarian Rice Plate: Burritos: Tacos: Mango Lassi,37.7865580501799,-122.40103337534973
Swell Cream & Coffee,Truck,REQUESTED,Ice cream: coffee: pastries,37.74255037355925,-122.49267708221484
Quan Catering,Truck,EXPIRED,Cold Truck: Soft drinks: cup cakes: potato chips: cookies: gum: sandwiches (hot & cold): peanuts: muffins: coff (hot & cold): water: juice: yoplait: milk: orange juice: sunflower seeds: can foods: burritos: buscuits: chimichangas: rice krispies,37.79405318373291,-122.39734769332576
"San Francisco Carts & Concessions, Inc. DBA Stanley's Steamers Hot Dogs",Push Cart,REQUESTED,American Food: Hot dogs: pretzels: ice cream: salads: beverages: sandwiches: soup: coffee: pastries:etc.,0.0,0.0
Mini Mobile Food Catering,Truck,EXPIRED,Cold Truck: Corn Dogs: Noodle Soups: Candy: Pre-packaged Snacks: Sandwiches: Chips: Coffee: Tea: Various Beverages,37.787076530384326,-122.39298262422754
Mini Mobile Food Catering,Truck,EXPIRED,Cold Truck: Corn Dogs: Noodle Soups: Candy: Pre-packaged Snacks: Sandwiches: Chips: Coffee: Tea: Various Beverages,37.73937866943732,-122.3863379451534
Taqueria Lolita,Truck,SUSPEND,Tacos: burritos: quesadillas: combination plates: tortas: tostadas,37.73944545286909,-122.39301498669842
Liang Bai Ping,Truck,EXPIRED,Cold Truck: Pre-packaged sandwiches: snacks: fruit: various beverages,37.72695076437817,-122.3879799562619
Quan Catering,Truck,EXPIRED,Cold Truck: Soft drinks: cup cakes: potato chips: cookies: gum: sandwiches (hot & cold): peanuts: muffins: coff (hot & cold): water: juice: yoplait: milk: orange juice: sunflower seeds: can foods: burritos: buscuits: chimichangas: rice krispies,0.0,0.0
Treats by the Bay LLC,Truck,EXPIRED,Sandwich: Donuts: Coffee: Soft Serve Ice Cream: Drinks,37.78924953407508,-122.40241859729358
BH & MT LLC,Truck,EXPIRED,Cold Truck: Breakfast: Sandwiches: Salads: Pre-Packaged Snacks: Beverages,37.7666247727157,-122.42951117634738
Liang Bai Ping,Truck,EXPIRED,Cold Truck: Pre-packaged sandwiches: snacks: fruit: various beverages,37.7266647697066,-122.3841442246062
Quan Catering,Truck,EXPIRED,Cold Truck: Soft drinks: cup cakes: potato chips: cookies: gum: sandwiches (hot & cold): peanuts: muffins: coff (hot & cold): water: juice: yoplait: milk: orange juice: sunflower seeds: can foods: burritos: buscuits: chimichangas: rice krispies,37.70937546400143,-122.40415437850858
Liang Bai Ping,Truck,EXPIRED,Cold Truck: Pre-packaged sandwiches: snacks: fruit: various beverages,37.72441324329633,-122.39015723961076
Liang Bai Ping,Truck,EXPIRED,Cold Truck: Pre-packaged sandwiches: snacks: fruit: various beverages,37.72439752974338,-122.39150511638296
"The New York Frankfurter Co. of CA, Inc. DBA: Annie's Hot Dogs",Push Cart,EXPIRED,Soft pretzels: hot dogs: sausages: chips: popcorn: soda: espresso: cappucino: pastry: ica cream: ices: italian sausage: shish-ka-bob: churros: juice: water: various drinks,37.78511092044776,-122.40742266827704
"San Francisco Carts & Concessions, Inc. DBA Stanley's Steamers Hot Dogs",Push Cart,EXPIRED,Hot dogs: condiments: soft pretzels: soft drinks: coffee: cold beverages: pastries: bakery goods: cookies: ice cream: candy: soups: churros: chestnuts: nuts: fresh fruit: fruit juices: desserts: potato chips and popcorn.,37.78891014957045,-122.40719603412224
"Bay Area Dots, LLC",Push Cart,REQUESTED,Hot dogs: condiments: soft pretzels: soft drinks: coffee: cold beverages: pastries: bakery goods: cookies: ice cream: candy: soups: churros: chestnuts: nuts: fresh fruit: fruit juices: desserts: potato chips and popcorn.,0.0,0.0
Liang Bai Ping,Truck,EXPIRED,Cold Truck: Pre-packaged sandwiches: snacks: fruit: various beverages,37.72648516321647,-122.38323245870733
El Calamar Perubian Food Truck,Truck,REQUESTED,Lomo Saltado: Jalea: Ceviche: Calamari Tilapia Plates: Chicken: Soda: Water.,37.75281482922111,-122.40566264191835
Brazuca Grill,Truck,APPROVED,Cold Truck: Sandwiches: Noodles:  Pre-packaged Snacks: Candy: Desserts Various Beverages,37.74383117213268,-122.37779736896212
Let's Be Frank,Push Cart,EXPIRED,Hot dogs and chili,37.776566896519526,-122.42339537672729
Street Meet,Truck,REQUESTED,Tortas: Burritos: Tacos: Churros: Nachos: Asada Fries,37.787539893467496,-122.39772670915164
Mini Mobile Food Catering,Truck,EXPIRED,Cold Truck: Corn Dogs: Noodle Soups: Candy: Pre-packaged Snacks: Sandwiches: Chips: Coffee: Tea: Various Beverages,0.0,0.0
"Casey's Pizza, LLC",Truck,EXPIRED,Artisan Pizzas (Margherita: Yukon Potato: Zoe's Pepperoni: Funghi: Brocolli Rabe: Bacon Kale:  Arugula) and Drinks.,37.788778723378,-122.40257456841074
Mini Mobile Food Catering,Truck,EXPIRED,Cold Truck: Corn Dogs: Noodle Soups: Candy: Pre-packaged Snacks: Sandwiches: Chips: Coffee: Tea: Various Beverages,37.77369415247486,-122.40965844135582
Liang Bai Ping,Truck,EXPIRED,Cold Truck: Pre-packaged sandwiches: snacks: fruit: various beverages,37.72670967536868,-122.38529469118735
Liang Bai Ping,Truck,EXPIRED,Cold Truck: Pre-packaged sandwiches: snacks: fruit: various beverages,37.78813947887162,-122.39257951537353
Giant Burrito,Truck,REQUESTED,Tacos: Burritos: Tostadas: Flautas: Tostadas: Tortas: Pozole Menudo,37.74171783074393,-122.4054179774482
Brazuca Grill,Truck,APPROVED,Cold Truck: Sandwiches: Noodles:  Pre-packaged Snacks: Candy: Desserts Various Beverages,37.77165385136786,-122.41180906852377
Brazuca Grill,Truck,APPROVED,Cold Truck: Sandwiches: Noodles:  Pre-packaged Snacks: Candy: Desserts Various Beverages,37.78186711757412,-122.4298852476026
Brazuca Grill,Truck,APPROVED,Cold Truck: Sandwiches: Noodles:  Pre-packaged Snacks: Candy: Desserts Various Beverages,37.761852397504114,-122.38993209325044
Brazuca Grill,Truck,APPROVED,Cold Truck: Sandwiches: Noodles:  Pre-packaged Snacks: Candy: Desserts Various Beverages,37.75126940587811,-122.38989436694436
Brazuca Grill,Truck,APPROVED,Cold Truck: Sandwiches: Noodles:  Pre-packaged Snacks: Candy: Desserts Various Beverages,37.755030726766726,-122.38453073422282
Brazuca Grill,Truck,APPROVED,Cold Truck: Sandwiches: Noodles:  Pre-packaged Snacks: Candy: Desserts Various Beverages,37.7636598013494,-122.38913385740454
Brazuca Grill,Truck,APPROVED,Cold Truck: Sandwiches: Noodles:  Pre-packaged Snacks: Candy: Desserts Various Beverages,37.7504641155225,-122.38790832590168
Brazuca Grill,Truck,APPROVED,Cold Truck: Sandwiches: Noodles:  Pre-packaged Snacks: Candy: Desserts Various Beverages,37.72145083973351,-122.38935344507568
Brazuca Grill,Truck,APPROVED,Cold Truck: Sandwiches: Noodles:  Pre-packaged Snacks: Candy: Desserts Various Beverages,37.75692365373408,-122.39354961053633
Brazuca Grill,Truck,APPROVED,Cold Truck: Sandwiches: Noodles:  Pre-packaged Snacks: Candy: Desserts Various Beverages,37.770683395042624,-122.42087956139908
Brazuca Grill,Truck,APPROVED,Cold Truck: Sandwiches: Noodles:  Pre-packaged Snacks: Candy: Desserts Various Beverages,37.75336082945507,-122.39304592079776
Brazuca Grill,Truck,APPROVED,Cold Truck: Sandwiches: Noodles:  Pre-packaged Snacks: Candy: Desserts Various Beverages,37.7235768564887,-122.39005910139932
Brazuca Grill,Truck,APPROVED,Cold Truck: Sandwiches: Noodles:  Pre-packaged Snacks: Candy: Desserts Various Beverages,37.78072409776966,-122.40123539265836
Brazuca Grill,Truck,APPROVED,Cold Truck: Sandwiches: Noodles:  Pre-packaged Snacks: Candy: Desserts Various Beverages,37.75803739348808,-122.3916718906821
San Francisco Taco Truck,Truck,REQUESTED,Tacos: Tortas: Burritos,37.72980548057414,-122.39924710472444
San Francisco Taco Truck,Truck,REQUESTED,Tacos: Tortas: Burritos,37.72980548057414,-122.39924710472444
Brazuca Grill,Truck,APPROVED,Cold Truck: Sandwiches: Noodles:  Pre-packaged Snacks: Candy: Desserts Various Beverages,37.76329905604463,-122.3884823068054
Brazuca Grill,Truck,APPROVED,Cold Truck: Sandwiches: Noodles:  Pre-packaged Snacks: Candy: Desserts Various Beverages,37.76354048392964,-122.39009664366294
Brazuca Grill,Truck,APPROVED,Cold Truck: Sandwiches: Noodles:  Pre-packaged Snacks: Candy: Desserts Various Beverages,37.75701552445967,-122.39406294711628
Brazuca Grill,Truck,APPROVED,Cold Truck: Sandwiches: Noodles:  Pre-packaged Snacks: Candy: Desserts Various Beverages,37.75791705669008,-122.39547585248978
Brazuca Grill,Truck,APPROVED,Cold Truck: Sandwiches: Noodles:  Pre-packaged Snacks: Candy: Desserts Various Beverages,37.748445338837655,-122.38687903197965
Brazuca Grill,Truck,APPROVED,Cold Truck: Sandwiches: Noodles:  Pre-packaged Snacks: Candy: Desserts Various Beverages,37.723078757516,-122.38752570401662
Brazuca Grill,Truck,APPROVED,Cold Truck: Sandwiches: Noodles:  Pre-packaged Snacks: Candy: Desserts Various Beverages,37.727212173900384,-122.39963625164356
Brazuca Grill,Truck,APPROVED,Cold Truck: Sandwiches: Noodles:  Pre-packaged Snacks: Candy: Desserts Various Beverages,37.76150220396644,-122.389276996081
Kid Abelha - Brazilian Hamburgers,Truck,EXPIRED,Brazilian Hamburgers,37.746856017691925,-122.39714976579396
Brazuca Grill,Truck,APPROVED,Cold Truck: Sandwiches: Noodles:  Pre-packaged Snacks: Candy: Desserts Various Beverages,37.76346295990656,-122.39401294737716
Brazuca Grill,Truck,APPROVED,Cold Truck: Sandwiches: Noodles:  Pre-packaged Snacks: Candy: Desserts Various Beverages,37.7758255197583,-122.41724962664344
Brazuca Grill,Truck,APPROVED,Cold Truck: Sandwiches: Noodles:  Pre-packaged Snacks: Candy: Desserts Various Beverages,37.75207458620838,-122.39014490082212
Brazuca Grill,Truck,APPROVED,Cold Truck: Sandwiches: Noodles:  Pre-packaged Snacks: Candy: Desserts Various Beverages,37.74793093611294,-122.41519315390948
Brazuca Grill,Truck,APPROVED,Cold Truck: Sandwiches: Noodles:  Pre-packaged Snacks: Candy: Desserts Various Beverages,37.751608413578936,-122.39030948950146
Brazuca Grill,Truck,APPROVED,Cold Truck: Sandwiches: Noodles:  Pre-packaged Snacks: Candy: Desserts Various Beverages,37.76405208992424,-122.39014439398792
Brazuca Grill,Truck,APPROVED,Cold Truck: Sandwiches: Noodles:  Pre-packaged Snacks: Candy: Desserts Various Beverages,37.75084960681246,-122.3900276155014
"Halal Cart, LLC",Push Cart,EXPIRED,kebabs: halal gyro: grilled halal meat: refreshments,37.79314862698347,-122.4025671755779
"Off the Grid Services, LLC",Truck,EXPIRED,Everything,37.781264686022816,-122.3932290415377
San Pancho's Tacos,Truck,REQUESTED,Tacos: Burritos: Quesadillas: Tortas: Nachos: Hot Dogs:Soda: Water: Fruit Drinks,37.71019301997575,-122.4552219061259
Truly Food & More,Truck,APPROVED,Latin Food: Tacos: Pupusas: Vegetables: Salad: Waters: Sodas,37.78797328321604,-122.40018504988888
"The New York Frankfurter Co. of CA, Inc. DBA: Annie's Hot Dogs",Push Cart,EXPIRED,Soft pretzels: hot dogs: sausages: chips: popcorn: sodea: coffee: espresso: cappucino: pastries: ice cream: Italian sausages: shish-ka-bob: churros: juice: water: various drinks.,37.78546974648992,-122.40661576107294
"Off the Grid Services, LLC",Truck,EXPIRED,Everything,37.77751326467553,-122.3970441344819
The Geez Freeze,Truck,EXPIRED,Snow Cones: Soft Serve Ice Cream & Frozen Virgin Daiquiris,37.76201920035647,-122.42730642251333
Park's Catering,Truck,EXPIRED,Cold Truck: Hamburger: cheeseburgers: hot dogs: hot sandwiches: cold sandwiches: egg muffins: cup of noodles: corn dogs: canned soup: coffee: hot cocoa: hot tea: gatorade: juice: milk: soda: water: fruits: fruit salad: rice pudding: yogurt: candy bars: chips: cookies: donuts: granola bars: muffins,37.726382932182176,-122.37843478266778
Park's Catering,Truck,EXPIRED,Cold Truck: Hamburger: cheeseburgers: hot dogs: hot sandwiches: cold sandwiches: egg muffins: cup of noodles: corn dogs: canned soup: coffee: hot cocoa: hot tea: gatorade: juice: milk: soda: water: fruits: fruit salad: rice pudding: yogurt: candy bars: chips: cookies: donuts: granola bars: muffins,37.74371347536804,-122.38596479003613
Park's Catering,Truck,EXPIRED,Cold Truck: Hamburger: cheeseburgers: hot dogs: hot sandwiches: cold sandwiches: egg muffins: cup of noodles: corn dogs: canned soup: coffee: hot cocoa: hot tea: gatorade: juice: milk: soda: water: fruits: fruit salad: rice pudding: yogurt: candy bars: chips: cookies: donuts: granola bars: muffins,37.74298987477535,-122.386773267176
Tacos El Flaco,Truck,EXPIRED,Tacos: Burritos: Tortas: Quesadillas: Chips & Salsa & Various Beverages,37.75240499247832,-122.38700019629786
"San Francisco Street Foods, Inc.",Push Cart,EXPIRED,Hot dogs: condiments: soft pretzels: soft drinks: coffee: cold beverages: pastries: bakery goods: cookies: ice cream: candy: soups: churros: chestnuts: nuts: fresh fruit: fruit juices: desserts: potato chips and popcorn.,37.78939197610272,-122.4018247471207
Park's Catering,Truck,EXPIRED,Cold Truck: Hamburger: cheeseburgers: hot dogs: hot sandwiches: cold sandwiches: egg muffins: cup of noodles: corn dogs: canned soup: coffee: hot cocoa: hot tea: gatorade: juice: milk: soda: water: fruits: fruit salad: rice pudding: yogurt: candy bars: chips: cookies: donuts: granola bars: muffins,37.73213495192223,-122.37539807856734
Cochinita,Truck,EXPIRED,Mexican Food: Yucatan Food: Street Food,37.778863135500174,-122.39644435935811
Curry Up Now,Truck,EXPIRED,Chicken Tiki Masala Burritos: Paneer Tiki Masala Burritos: Samosas: Mango Lassi,37.79083841945172,-122.40116037029892
Curry Up Now,Truck,EXPIRED,Indian Street Food: Tikka Masala Burritos; Samosas; Sexy Fries (Indian-inspired poutine); Naughty Naans; Deconstructed Samosas; Kathi Rolls; Lassis and Lemonades,37.79694900602121,-122.40218343189426
Park's Catering,Truck,EXPIRED,Cold Truck: Hamburger: cheeseburgers: hot dogs: hot sandwiches: cold sandwiches: egg muffins: cup of noodles: corn dogs: canned soup: coffee: hot cocoa: hot tea: gatorade: juice: milk: soda: water: fruits: fruit salad: rice pudding: yogurt: candy bars: chips: cookies: donuts: granola bars: muffins,37.73772686659576,-122.37657291457296
Cochinita,Truck,EXPIRED,Mexican Food: Yucatan Food: Street Food,37.77775521656862,-122.394807823179
"San Francisco Street Foods, Inc.",Push Cart,EXPIRED,Hot dogs: condiments: soft pretzels: soft drinks: coffee: cold beverages: pastries: bakery goods: cookies: ice cream: candy: soups: churros: chestnuts: nuts: fresh fruit: fruit juices: desserts: potato chips and popcorn.,37.794331003246846,-122.39581105302317
Park's Catering,Truck,EXPIRED,Cold Truck: Hamburger: cheeseburgers: hot dogs: hot sandwiches: cold sandwiches: egg muffins: cup of noodles: corn dogs: canned soup: coffee: hot cocoa: hot tea: gatorade: juice: milk: soda: water: fruits: fruit salad: rice pudding: yogurt: candy bars: chips: cookies: donuts: granola bars: muffins,37.75169103572294,-122.3943742132628
Breakfast Embed,Truck,EXPIRED,Coffee: Pastries: Bagels: Sandwiches: Other Items,37.77248360682256,-122.39181160681602
Park's Catering,Truck,EXPIRED,Cold Truck: Hamburger: cheeseburgers: hot dogs: hot sandwiches: cold sandwiches: egg muffins: cup of noodles: corn dogs: canned soup: coffee: hot cocoa: hot tea: gatorade: juice: milk: soda: water: fruits: fruit salad: rice pudding: yogurt: candy bars: chips: cookies: donuts: granola bars: muffins,37.74646978811481,-122.3915152387716
Curry Up Now,Truck,EXPIRED,Indian Street Food: Tikka Masala Burritos; Samosas; Sexy Fries (Indian-inspired poutine); Naughty Naans; Deconstructed Samosas; Kathi Rolls; Lassis and Lemonades,37.78007717443923,-122.39376729448306
Park's Catering,Truck,EXPIRED,Cold Truck: Hamburger: cheeseburgers: hot dogs: hot sandwiches: cold sandwiches: egg muffins: cup of noodles: corn dogs: canned soup: coffee: hot cocoa: hot tea: gatorade: juice: milk: soda: water: fruits: fruit salad: rice pudding: yogurt: candy bars: chips: cookies: donuts: granola bars: muffins,37.741026207788686,-122.38779292799352
Cochinita,Truck,EXPIRED,Mexican Food: Yucatan Food: Street Food,37.76549698761915,-122.46459761957114
Fillmore Square,Truck,EXPIRED,Breakfast and lunch items with a nod to various cultures,37.78127594842663,-122.43184035948616
"Chairman SF, LLC",Truck,EXPIRED,Baos: bowls & drinks,37.78756516537884,-122.40959283347962
Park's Catering,Truck,EXPIRED,Cold Truck: Hamburger: cheeseburgers: hot dogs: hot sandwiches: cold sandwiches: egg muffins: cup of noodles: corn dogs: canned soup: coffee: hot cocoa: hot tea: gatorade: juice: milk: soda: water: fruits: fruit salad: rice pudding: yogurt: candy bars: chips: cookies: donuts: granola bars: muffins,0.0,0.0
Cochinita,Truck,EXPIRED,Mexican Food: Yucatan Food: Street Food,37.78623677446536,-122.38906620560476
"Chairman SF, LLC",Truck,EXPIRED,Baos: bowls & drinks,37.78168897534514,-122.3910618172866
Park's Catering,Truck,EXPIRED,Cold Truck: Hamburger: cheeseburgers: hot dogs: hot sandwiches: cold sandwiches: egg muffins: cup of noodles: corn dogs: canned soup: coffee: hot cocoa: hot tea: gatorade: juice: milk: soda: water: fruits: fruit salad: rice pudding: yogurt: candy bars: chips: cookies: donuts: granola bars: muffins,37.74301424963152,-122.38446024493484
Fillmore Square,Truck,EXPIRED,Breakfast and lunch items with a nod to various cultures,37.78239151018784,-122.43111456170246
Breakfast Embed,Truck,EXPIRED,Coffee: Pastries: Bagels: Sandwiches: Other Items,37.7877332717998,-122.39566345752182
"Chairman SF, LLC",Truck,EXPIRED,Baos: bowls & drinks,37.78924890841371,-122.39889295934644
"San Francisco Street Foods, Inc.",Push Cart,EXPIRED,Hot dogs: condiments: soft pretzels: soft drinks: coffee: cold beverages: pastries: bakery goods: cookies: ice cream: candy: soups: churros: chestnuts: nuts: fresh fruit: fruit juices: desserts: potato chips and popcorn.,37.79464383461952,-122.39964429852886
Park's Catering,Truck,EXPIRED,Cold Truck: Hamburger: cheeseburgers: hot dogs: hot sandwiches: cold sandwiches: egg muffins: cup of noodles: corn dogs: canned soup: coffee: hot cocoa: hot tea: gatorade: juice: milk: soda: water: fruits: fruit salad: rice pudding: yogurt: candy bars: chips: cookies: donuts: granola bars: muffins,37.748801377714486,-122.40055245878467
Curry Up Now,Truck,EXPIRED,Chicken Tiki Masala Burritos: Paneer Tiki Masala Burritos: Samosas: Mango Lassi,37.79691371248354,-122.39665067526364
"San Francisco Street Foods, Inc.",Push Cart,EXPIRED,Hot dogs: condiments: soft pretzels: soft drinks: coffee: cold beverages: pastries: bakery goods: cookies: ice cream: candy: soups: churros: chestnuts: nuts: fresh fruit: fruit juices: desserts: potato chips and popcorn.,37.78923328289614,-122.40557905421024
Park's Catering,Truck,EXPIRED,Cold Truck: Hamburger: cheeseburgers: hot dogs: hot sandwiches: cold sandwiches: egg muffins: cup of noodles: corn dogs: canned soup: coffee: hot cocoa: hot tea: gatorade: juice: milk: soda: water: fruits: fruit salad: rice pudding: yogurt: candy bars: chips: cookies: donuts: granola bars: muffins,37.74417844737573,-122.38671592975922
Park's Catering,Truck,EXPIRED,Cold Truck: Hamburger: cheeseburgers: hot dogs: hot sandwiches: cold sandwiches: egg muffins: cup of noodles: corn dogs: canned soup: coffee: hot cocoa: hot tea: gatorade: juice: milk: soda: water: fruits: fruit salad: rice pudding: yogurt: candy bars: chips: cookies: donuts: granola bars: muffins,37.74475219161639,-122.38567924872147
Fillmore Square,Truck,EXPIRED,Breakfast and lunch items with a nod to various cultures,37.78127594842663,-122.43184035948616
Park's Catering,Truck,EXPIRED,Cold Truck: Hamburger: cheeseburgers: hot dogs: hot sandwiches: cold sandwiches: egg muffins: cup of noodles: corn dogs: canned soup: coffee: hot cocoa: hot tea: gatorade: juice: milk: soda: water: fruits: fruit salad: rice pudding: yogurt: candy bars: chips: cookies: donuts: granola bars: muffins,37.74322468386162,-122.38534297342116
Park's Catering,Truck,EXPIRED,Cold Truck: Hamburger: cheeseburgers: hot dogs: hot sandwiches: cold sandwiches: egg muffins: cup of noodles: corn dogs: canned soup: coffee: hot cocoa: hot tea: gatorade: juice: milk: soda: water: fruits: fruit salad: rice pudding: yogurt: candy bars: chips: cookies: donuts: granola bars: muffins,37.74459119509166,-122.39307688085802
Park's Catering,Truck,EXPIRED,Cold Truck: Hamburger: cheeseburgers: hot dogs: hot sandwiches: cold sandwiches: egg muffins: cup of noodles: corn dogs: canned soup: coffee: hot cocoa: hot tea: gatorade: juice: milk: soda: water: fruits: fruit salad: rice pudding: yogurt: candy bars: chips: cookies: donuts: granola bars: muffins,37.730906150359694,-122.37330257748522
Fillmore Square,Truck,EXPIRED,Breakfast and lunch items with a nod to various cultures,37.78085752242169,-122.43305677044792
Park's Catering,Truck,EXPIRED,Cold Truck: Hamburger: cheeseburgers: hot dogs: hot sandwiches: cold sandwiches: egg muffins: cup of noodles: corn dogs: canned soup: coffee: hot cocoa: hot tea: gatorade: juice: milk: soda: water: fruits: fruit salad: rice pudding: yogurt: candy bars: chips: cookies: donuts: granola bars: muffins,37.74572922168844,-122.3877976508368
Park's Catering,Truck,EXPIRED,Cold Truck: Hamburger: cheeseburgers: hot dogs: hot sandwiches: cold sandwiches: egg muffins: cup of noodles: corn dogs: canned soup: coffee: hot cocoa: hot tea: gatorade: juice: milk: soda: water: fruits: fruit salad: rice pudding: yogurt: candy bars: chips: cookies: donuts: granola bars: muffins,37.74176064966551,-122.3890979701946
Cochinita,Truck,EXPIRED,Mexican Food: Yucatan Food: Street Food,37.7831711043434,-122.39290104947858
Park's Catering,Truck,EXPIRED,Cold Truck: Hamburger: cheeseburgers: hot dogs: hot sandwiches: cold sandwiches: egg muffins: cup of noodles: corn dogs: canned soup: coffee: hot cocoa: hot tea: gatorade: juice: milk: soda: water: fruits: fruit salad: rice pudding: yogurt: candy bars: chips: cookies: donuts: granola bars: muffins,37.74671130304029,-122.3921503194526
Park's Catering,Truck,EXPIRED,Cold Truck: Hamburger: cheeseburgers: hot dogs: hot sandwiches: cold sandwiches: egg muffins: cup of noodles: corn dogs: canned soup: coffee: hot cocoa: hot tea: gatorade: juice: milk: soda: water: fruits: fruit salad: rice pudding: yogurt: candy bars: chips: cookies: donuts: granola bars: muffins,37.74758627625646,-122.39886570079622
Park's Catering,Truck,EXPIRED,Cold Truck: Hamburger: cheeseburgers: hot dogs: hot sandwiches: cold sandwiches: egg muffins: cup of noodles: corn dogs: canned soup: coffee: hot cocoa: hot tea: gatorade: juice: milk: soda: water: fruits: fruit salad: rice pudding: yogurt: candy bars: chips: cookies: donuts: granola bars: muffins,37.746755554477474,-122.40090627035904
Cochinita,Truck,EXPIRED,Mexican Food: Yucatan Food: Street Food,37.779051111573146,-122.39830388133372
Park's Catering,Truck,EXPIRED,Cold Truck: Hamburger: cheeseburgers: hot dogs: hot sandwiches: cold sandwiches: egg muffins: cup of noodles: corn dogs: canned soup: coffee: hot cocoa: hot tea: gatorade: juice: milk: soda: water: fruits: fruit salad: rice pudding: yogurt: candy bars: chips: cookies: donuts: granola bars: muffins,37.74378392338268,-122.40378882961043
Park's Catering,Truck,EXPIRED,Cold Truck: Hamburger: cheeseburgers: hot dogs: hot sandwiches: cold sandwiches: egg muffins: cup of noodles: corn dogs: canned soup: coffee: hot cocoa: hot tea: gatorade: juice: milk: soda: water: fruits: fruit salad: rice pudding: yogurt: candy bars: chips: cookies: donuts: granola bars: muffins,37.74761607223309,-122.40197697572432
Cochinita,Truck,EXPIRED,Mexican Food: Yucatan Food: Street Food,37.77838430096904,-122.43878238856672
Cochinita,Truck,EXPIRED,Panushos: Salbutes: Salad: Rice: Beans: Cochinita: etc.,37.752822368121485,-122.4055319192157
Datam SF LLC dba Anzu To You,Truck,EXPIRED,Asian Fusion - Japanese Sandwiches/Sliders/Misubi,37.805885350100986,-122.41594524663743
"San Francisco Street Foods, Inc.",Push Cart,EXPIRED,Hot dogs: condiments: soft pretzels: soft drinks: coffee: cold beverages: pastries: bakery goods: cookies: ice cream: candy: soups: churros: chestnuts: nuts: fresh fruit: fruit juices: desserts: potato chips and popcorn.,37.78351335124536,-122.40081339110536
